,words,frequency
0,u,1295
1,call,641
2,get,408
3,ur,391
4,gt,318
5,lt,316
6,go,315
7,day,293
8,ok,293
9,free,288
10,know,272
11,come,254
12,like,250
13,time,248
14,good,248
15,got,240
16,love,223
17,text,223
18,want,217
19,send,200
20,p,191
21,r,187
22,one,185
23,need,185
24,txt,184
25,today,181
26,n,174
27,ü,173
28,going,173
29,c,171
30,stop,168
31,home,167
32,lor,162
33,k,160
34,sorry,160
35,see,159
36,still,158
37,mobile,157
38,take,156
39,back,153
40,da,152
41,reply,150
42,dont,149
43,think,146
44,tell,144
45,week,141
46,phone,140
47,hi,140
48,new,136
49,please,135
50,later,135
51,pls,134
52,co,132
53,msg,131
54,min,129
55,make,125
56,night,125
57,dear,125
58,message,121
59,well,120
60,say,120
61,thing,117
62,much,116
63,claim,115
64,hope,115
65,oh,115
66,great,114
67,hey,112
68,b,110
69,give,110
70,number,110
71,happy,108
72,friend,107
73,work,107
74,wat,106
75,way,103
76,yes,103
77,www,100
78,e,97
79,prize,97
80,let,97
81,right,94
82,tomorrow,93
83,already,91
84,tone,90
85,said,89
86,win,89
87,ask,89
88,amp,88
89,life,88
90,cash,88
91,yeah,87
92,im,87
93,really,86
94,meet,85
95,babe,85
96,find,84
97,miss,81
98,morning,80
99,thanks,78
100,service,78
101,last,78
102,year,78
103,uk,78
104,com,76
105,care,76
106,would,76
107,anything,76
108,also,74
109,nokia,74
110,lol,74
111,feel,73
112,every,73
113,keep,72
114,pick,71
115,sure,71
116,contact,70
117,urgent,70
118,sent,70
119,something,69
120,x,68
121,gud,67
122,buy,67
123,w,67
124,cant,66
125,wait,66
126,place,65
127,first,65
128,box,65
129,even,64
130,guy,63
131,someone,63
132,help,63
133,went,62
134,wish,62
135,tonight,62
136,nice,62
137,next,62
138,soon,61
139,show,61
140,around,61
141,word,61
142,money,60
143,customer,60
144,could,60
145,sleep,59
146,chat,59
147,late,59
148,many,59
149,per,59
150,gonna,58
151,always,58
152,sm,58
153,ya,58
154,leave,57
155,wan,57
156,name,57
157,lot,56
158,v,56
159,end,55
160,pm,55
161,dun,55
162,told,54
163,st,54
164,person,53
165,waiting,53
166,special,53
167,hello,53
168,hour,52
169,try,52
170,girl,52
171,fine,52
172,month,52
173,may,52
174,minute,51
175,heart,51
176,people,51
177,best,51
178,coming,51
179,haha,51
180,guaranteed,50
181,getting,50
182,smile,50
183,th,50
184,done,50
185,yet,50
186,thk,50
187,use,49
188,thought,49
189,god,49
190,ppm,49
191,offer,48
192,talk,47
193,class,47
194,start,47
195,holiday,47
196,stuff,47
197,live,46
198,car,46
199,cost,46
200,line,46
201,mean,46
202,bit,46
203,man,46
204,lunch,46
205,g,46
206,draw,45
207,job,45
208,finish,45
209,problem,44
210,never,44
211,plan,43
212,ill,43
213,better,43
214,yup,43
215,cool,43
216,trying,43
217,thats,43
218,hr,43
219,house,43
220,meeting,43
221,dat,42
222,long,42
223,account,42
224,ready,42
225,rate,42
226,pobox,42
227,mind,42
228,chance,41
229,weekend,41
230,game,41
231,enjoy,40
232,real,40
233,latest,40
234,half,40
235,wk,40
236,yo,39
237,play,39
238,check,39
239,bt,39
240,po,39
241,room,39
242,world,39
243,sir,39
244,guess,39
245,luv,38
246,pic,38
247,eat,38
248,lar,38
249,voucher,38
250,wanna,38
251,nothing,38
252,sweet,38
253,receive,38
254,awarded,38
255,look,38
256,camera,38
257,boy,38
258,big,37
259,shit,37
260,liao,37
261,another,37
262,dinner,36
263,landline,36
264,xxx,36
265,birthday,36
266,ah,36
267,video,35
268,ever,35
269,quite,35
270,jus,35
271,might,35
272,kiss,35
273,age,35
274,land,34
275,wont,34
276,watching,34
277,question,34
278,watch,34
279,hear,33
280,tv,33
281,early,33
282,speak,33
283,nd,33
284,baby,33
285,two,33
286,worry,33
287,probably,33
288,dream,33
289,fun,33
290,orange,33
291,bed,33
292,pa,33
293,called,33
294,aight,33
295,thanx,33
296,bad,32
297,forgot,32
298,sat,32
299,point,32
300,pay,32
301,bus,32
302,maybe,32
303,left,32
304,ringtone,32
305,nite,32
306,part,32
307,actually,32
308,princess,32
309,den,32
310,network,32
311,remember,32
312,shall,32
313,apply,32
314,dunno,31
315,hurt,31
316,shopping,31
317,made,31
318,reach,31
319,code,31
320,office,31
321,easy,31
322,wife,30
323,dis,30
324,leh,30
325,true,30
326,fuck,30
327,everything,30
328,didnt,30
329,anyway,30
330,put,30
331,dad,30
332,face,30
333,award,30
334,xx,30
335,evening,30
336,little,30
337,school,29
338,sound,29
339,afternoon,29
340,working,29
341,selected,29
342,thank,29
343,movie,29
344,looking,29
345,town,29
346,mail,29
347,enough,29
348,mate,29
349,gift,29
350,yr,29
351,collect,28
352,without,28
353,missing,28
354,asked,28
355,entry,28
356,tmr,28
357,detail,28
358,pound,28
359,sexy,27
360,since,27
361,came,27
362,hav,27
363,wanted,27
364,valid,27
365,okay,27
366,important,27
367,join,27
368,wif,27
369,pain,27
370,price,27
371,must,27
372,though,27
373,xmas,27
374,wake,26
375,lesson,26
376,bring,26
377,collection,26
378,able,26
379,wot,26
380,missed,26
381,answer,26
382,mob,26
383,abt,26
384,til,26
385,book,26
386,run,26
387,stay,25
388,change,25
389,away,25
390,charge,25
391,juz,25
392,plus,25
393,date,25
394,decimal,25
395,de,25
396,colour,25
397,test,25
398,plz,25
399,wen,25
400,bored,24
401,weekly,24
402,j,24
403,hair,24
404,havent,24
405,double,24
406,attempt,24
407,else,24
408,saw,24
409,music,24
410,yesterday,24
411,till,24
412,shop,24
413,update,24
414,alright,24
415,dude,24
416,coz,23
417,friendship,23
418,id,23
419,online,23
420,trip,23
421,optout,23
422,top,23
423,food,23
424,net,23
425,haf,23
426,goin,23
427,credit,23
428,drink,23
429,making,23
430,oso,23
431,lei,23
432,tried,22
433,ard,22
434,sch,22
435,l,22
436,smoke,22
437,gr,22
438,player,22
439,address,22
440,delivery,22
441,family,22
442,driving,22
443,hot,22
444,national,22
445,club,22
446,either,22
447,feeling,22
448,order,21
449,second,21
450,sae,21
451,wid,21
452,http,21
453,mom,21
454,head,21
455,walk,21
456,tot,21
457,lose,21
458,full,21
459,beautiful,21
460,believe,21
461,post,21
462,together,21
463,si,21
464,sad,21
465,calling,21
466,nt,21
467,bonus,21
468,story,21
469,busy,21
470,ring,21
471,brother,21
472,old,20
473,saying,20
474,leaving,20
475,close,20
476,poly,20
477,chikku,20
478,row,20
479,smiling,20
480,hand,20
481,drive,20
482,set,20
483,info,20
484,mum,20
485,eve,20
486,huh,20
487,await,20
488,happen,20
489,noe,20
490,sleeping,20
491,parent,19
492,okie,19
493,finished,19
494,mths,19
495,started,19
496,congrats,19
497,wil,19
498,pub,19
499,awesome,19
500,drop,19
501,thinking,19
502,suite,19
503,took,19
504,aft,19
505,tomo,19
506,news,19
507,hl,19
508,cause,19
509,match,19
510,private,19
511,email,19
512,simple,19
513,rite,19
514,tho,18
515,tc,18
516,company,18
517,caller,18
518,break,18
519,angry,18
520,valentine,18
521,content,18
522,sister,18
523,gd,18
524,final,18
525,everyone,18
526,taking,18
527,neva,18
528,card,18
529,reason,18
530,anyone,18
531,statement,18
532,touch,18
533,auction,18
534,mine,18
535,unsubscribe,18
536,forget,18
537,treat,17
538,expires,17
539,dating,17
540,choose,17
541,knw,17
542,bank,17
543,carlos,17
544,available,17
545,ticket,17
546,opt,17
547,type,17
548,open,17
549,whats,17
550,found,17
551,worth,17
552,whatever,17
553,gal,17
554,lucky,17
555,alone,17
556,search,17
557,loving,17
558,fancy,17
559,sun,17
560,prob,16
561,party,16
562,exam,16
563,visit,16
564,college,16
565,far,16
566,mobileupd,16
567,fast,16
568,hit,16
569,wonderful,16
570,ni,16
571,winner,16
572,hard,16
573,gone,16
574,ltd,16
575,secret,16
576,anytime,16
577,identifier,16
578,gbp,16
579,decided,16
580,welcome,16
581,saturday,16
582,nyt,16
583,friday,16
584,congratulation,16
585,uncle,16
586,kind,16
587,quiz,16
588,boytoy,16
589,frnd,16
590,sub,16
591,f,16
592,bout,16
593,hows,16
594,happened,16
595,smth,16
596,song,16
597,ha,16
598,goodmorning,15
599,lovely,15
600,tel,15
601,used,15
602,finally,15
603,drug,15
604,nope,15
605,project,15
606,wonder,15
607,mu,15
608,darlin,15
609,wrong,15
610,pretty,15
611,fucking,15
612,oredi,15
613,camcorder,15
614,hold,15
615,read,15
616,term,15
617,fri,15
618,wit,15
619,least,15
620,mrng,15
621,light,15
622,sea,15
623,operator,15
624,chennai,15
625,outside,15
626,snow,14
627,wkly,14
628,hmm,14
629,freemsg,14
630,hungry,14
631,cum,14
632,ten,14
633,unlimited,14
634,le,14
635,jay,14
636,seeing,14
637,earlier,14
638,case,14
639,cd,14
640,wq,14
641,listen,14
642,blue,14
643,meant,14
644,crazy,14
645,telling,14
646,frm,14
647,frnds,14
648,support,14
649,whole,14
650,course,14
651,fr,14
652,sunday,14
653,savamob,14
654,log,14
655,store,13
656,mr,13
657,fone,13
658,side,13
659,within,13
660,park,13
661,luck,13
662,film,13
663,knew,13
664,march,13
665,understand,13
666,un,13
667,mayb,13
668,hmmm,13
669,sex,13
670,tired,13
671,stupid,13
672,paper,13
673,die,13
674,gn,13
675,bslvyl,13
676,currently,13
677,christmas,13
678,area,13
679,single,13
680,txts,13
681,ago,13
682,na,13
683,joy,13
684,happiness,13
685,moment,13
686,sell,13
687,reading,13
688,dnt,13
689,lost,13
690,balance,13
691,yar,13
692,couple,13
693,eh,13
694,child,13
695,india,13
696,enter,13
697,mah,13
698,computer,13
699,john,13
700,talking,13
701,load,13
702,sk,13
703,rock,13
704,download,13
705,invited,13
706,press,13
707,almost,13
708,valued,13
709,hee,13
710,father,13
711,pas,13
712,etc,13
713,cut,13
714,gas,13
715,move,13
716,felt,13
717,as,13
718,motorola,13
719,darren,12
720,met,12
721,reveal,12
722,heard,12
723,charged,12
724,xy,12
725,ac,12
726,via,12
727,information,12
728,doin,12
729,return,12
730,promise,12
731,swing,12
732,gym,12
733,lady,12
734,wow,12
735,laptop,12
736,sending,12
737,bcoz,12
738,seen,12
739,max,12
740,ugh,12
741,extra,12
742,photo,12
743,semester,12
744,redeemed,12
745,red,12
746,kid,12
747,comp,12
748,ish,12
749,an,12
750,ge,12
751,hospital,12
752,ipod,12
753,sort,12
754,supposed,12
755,shower,12
756,difficult,12
757,surprise,12
758,rental,12
759,confirm,12
760,direct,12
761,askd,12
762,picking,12
763,complimentary,12
764,bill,12
765,eye,12
766,correct,12
767,grin,12
768,figure,12
769,gotta,12
770,truth,11
771,hmv,11
772,request,11
773,fantasy,11
774,road,11
775,safe,11
776,member,11
777,noon,11
778,usf,11
779,weed,11
780,leaf,11
781,rent,11
782,laugh,11
783,asking,11
784,pete,11
785,kate,11
786,orchard,11
787,joke,11
788,checking,11
789,whenever,11
790,lover,11
791,police,11
792,rply,11
793,loved,11
794,slow,11
795,t,11
796,save,11
797,study,11
798,slowly,11
799,small,11
800,remove,11
801,wap,11
802,reward,11
803,bath,11
804,link,11
805,fact,11
806,somebody,11
807,blood,11
808,muz,11
809,loan,11
810,asap,11
811,clean,11
812,ex,11
813,std,11
814,monday,11
815,abiola,11
816,cheer,11
817,discount,11
818,nobody,11
819,dogging,11
820,wine,11
821,crave,11
822,hg,11
823,wana,11
824,train,11
825,door,11
826,comin,11
827,yep,11
828,page,11
829,lovable,11
830,txting,11
831,idea,11
832,eg,11
833,entered,11
834,rest,11
835,del,10
836,near,10
837,hw,10
838,mistake,10
839,convey,10
840,woke,10
841,sale,10
842,different,10
843,booked,10
844,gap,10
845,normal,10
846,fantastic,10
847,ringtones,10
848,usual,10
849,worried,10
850,cup,10
851,glad,10
852,turn,10
853,deep,10
854,catch,10
855,cheap,10
856,sony,10
857,otherwise,10
858,situation,10
859,ntt,10
860,cr,10
861,reached,10
862,forever,10
863,med,10
864,empty,10
865,short,10
866,deal,10
867,warm,10
868,poor,10
869,mm,10
870,hoping,10
871,across,10
872,water,10
873,doctor,10
874,bathe,10
875,immediately,10
876,em,10
877,bb,10
878,bag,10
879,copy,10
880,street,10
881,h,10
882,gettin,10
883,men,10
884,somewhere,10
885,tonite,10
886,gave,10
887,england,10
888,pray,10
889,oops,10
890,wc,10
891,rakhesh,10
892,teach,10
893,representative,10
894,admirer,10
895,getzed,10
896,ldn,10
897,spend,10
898,custcare,10
899,voice,10
900,write,10
901,rd,10
902,ho,10
903,cover,10
904,wishing,10
905,il,10
906,opinion,10
907,energy,10
908,king,10
909,merry,10
910,kick,10
911,summer,10
912,indian,10
913,callertune,10
914,nah,10
915,style,9
916,ive,9
917,ip,9
918,tampa,9
919,sofa,9
920,access,9
921,al,9
922,user,9
923,tear,9
924,hotel,9
925,result,9
926,seriously,9
927,possible,9
928,bx,9
929,disturb,9
930,cake,9
931,bold,9
932,charity,9
933,kinda,9
934,goodnight,9
935,excuse,9
936,comuk,9
937,flag,9
938,rcvd,9
939,seems,9
940,fall,9
941,self,9
942,ice,9
943,decide,9
944,ldew,9
945,sitting,9
946,bid,9
947,norm,9
948,add,9
949,thinkin,9
950,sick,9
951,colleague,9
952,la,9
953,mode,9
954,completely,9
955,unless,9
956,studying,9
957,especially,9
958,pc,9
959,wondering,9
960,digital,9
961,bos,9
962,rain,9
963,bluetooth,9
964,gay,9
965,accept,9
966,lazy,9
967,reaching,9
968,doesnt,9
969,lect,9
970,meh,9
971,staying,9
972,rose,9
973,moral,9
974,iam,9
975,brings,9
976,mon,9
977,sport,9
978,stand,9
979,mo,9
980,others,9
981,trust,9
982,tht,9
983,silent,9
984,excellent,9
985,mrt,9
986,dead,9
987,reference,9
988,ending,9
989,logo,9
990,starting,9
991,buying,9
992,urself,9
993,password,9
994,hiya,9
995,sunshine,9
996,none,9
997,coffee,9
998,specially,9
999,flight,9
1000,round,9
1001,using,9
1002,mp,8
1003,dog,8
1004,picked,8
1005,realy,8
1006,space,8
1007,umma,8
1008,present,8
1009,aha,8
1010,sometimes,8
1011,letter,8
1012,team,8
1013,replying,8
1014,shirt,8
1015,fixed,8
1016,miracle,8
1017,ar,8
1018,ad,8
1019,roommate,8
1020,ave,8
1021,tuesday,8
1022,honey,8
1023,pizza,8
1024,cancel,8
1025,paying,8
1026,cute,8
1027,yahoo,8
1028,awaiting,8
1029,student,8
1030,mood,8
1031,lemme,8
1032,mark,8
1033,bak,8
1034,black,8
1035,inc,8
1036,record,8
1037,woman,8
1038,q,8
1039,quick,8
1040,apartment,8
1041,pix,8
1042,egg,8
1043,dvd,8
1044,sp,8
1045,ppmx,8
1046,fight,8
1047,din,8
1048,weight,8
1049,daddy,8
1050,facebook,8
1051,complete,8
1052,swt,8
1053,er,8
1054,library,8
1055,picture,8
1056,issue,8
1057,moon,8
1058,slept,8
1059,training,8
1060,longer,8
1061,entitled,8
1062,fill,8
1063,joined,8
1064,spent,8
1065,power,8
1066,registered,8
1067,wednesday,8
1068,cinema,8
1069,wiv,8
1070,anymore,8
1071,file,8
1072,list,8
1073,polys,8
1074,finger,8
1075,vl,8
1076,thru,8
1077,fat,8
1078,wx,8
1079,inside,8
1080,fullonsms,8
1081,medical,8
1082,freephone,8
1083,interested,8
1084,frens,8
1085,slave,8
1086,omg,8
1087,bedroom,8
1088,euro,8
1089,south,8
1090,future,8
1091,workin,8
1092,fault,8
1093,nigeria,8
1094,planning,8
1095,funny,8
1096,goto,8
1097,alex,8
1098,trouble,8
1099,however,8
1100,giving,8
1101,sign,8
1102,horny,7
1103,login,7
1104,sim,7
1105,gee,7
1106,darling,7
1107,maid,7
1108,naked,7
1109,murderer,7
1110,yoga,7
1111,lac,7
1112,lift,7
1113,sense,7
1114,happens,7
1115,behind,7
1116,key,7
1117,dollar,7
1118,imagine,7
1119,imma,7
1120,worse,7
1121,shuhui,7
1122,weather,7
1123,quality,7
1124,naughty,7
1125,awake,7
1126,torch,7
1127,paid,7
1128,tm,7
1129,spree,7
1130,feb,7
1131,loyalty,7
1132,high,7
1133,uz,7
1134,advance,7
1135,kb,7
1136,click,7
1137,definitely,7
1138,sky,7
1139,planned,7
1140,murdered,7
1141,izzit,7
1142,marriage,7
1143,station,7
1144,tuition,7
1145,suck,7
1146,ta,7
1147,heavy,7
1148,croydon,7
1149,recently,7
1150,pleasure,7
1151,wb,7
1152,xh,7
1153,sec,7
1154,waste,7
1155,hop,7
1156,hell,7
1157,walking,7
1158,meaning,7
1159,unsub,7
1160,share,7
1161,buck,7
1162,experience,7
1163,january,7
1164,lmao,7
1165,towards,7
1166,tenerife,7
1167,except,7
1168,arrive,7
1169,notice,7
1170,sit,7
1171,midnight,7
1172,wun,7
1173,mid,7
1174,malaria,7
1175,menu,7
1176,internet,7
1177,sigh,7
1178,happening,7
1179,forward,7
1180,bother,7
1181,onto,7
1182,country,7
1183,receipt,7
1184,cold,7
1185,regard,7
1186,yijue,7
1187,character,7
1188,eatin,7
1189,strong,7
1190,doc,7
1191,depends,7
1192,flower,7
1193,cell,7
1194,cuz,7
1195,cc,7
1196,location,7
1197,maximize,7
1198,changed,7
1199,insurance,7
1200,tat,7
1201,become,7
1202,alrite,7
1203,shd,7
1204,condition,7
1205,nxt,7
1206,instead,7
1207,following,7
1208,ahead,7
1209,rather,7
1210,system,7
1211,hurry,7
1212,omw,7
1213,thnk,7
1214,biz,7
1215,appreciate,7
1216,kept,7
1217,costa,7
1218,sol,7
1219,holla,7
1220,married,7
1221,model,7
1222,kallis,7
1223,yest,7
1224,role,7
1225,buzz,7
1226,including,7
1227,subscription,7
1228,learn,7
1229,flirt,7
1230,holding,7
1231,liked,7
1232,cal,7
1233,vikky,7
1234,dey,7
1235,bird,7
1236,running,7
1237,mad,7
1238,hai,7
1239,title,7
1240,tscs,7
1241,matter,7
1242,connection,7
1243,sight,7
1244,damn,7
1245,showing,7
1246,mother,7
1247,tea,7
1248,eating,7
1249,tough,7
1250,air,7
1251,wed,7
1252,past,7
1253,battery,7
1254,vry,6
1255,jst,6
1256,aiyo,6
1257,askin,6
1258,willing,6
1259,posted,6
1260,track,6
1261,group,6
1262,campus,6
1263,gb,6
1264,moan,6
1265,hv,6
1266,barely,6
1267,wnt,6
1268,lead,6
1269,stoptxt,6
1270,relax,6
1271,guide,6
1272,body,6
1273,num,6
1274,pilate,6
1275,isnt,6
1276,pin,6
1277,ttyl,6
1278,vary,6
1279,report,6
1280,putting,6
1281,aathi,6
1282,confidence,6
1283,adult,6
1284,competition,6
1285,fb,6
1286,activate,6
1287,decision,6
1288,local,6
1289,scream,6
1290,tour,6
1291,directly,6
1292,informed,6
1293,oz,6
1294,pack,6
1295,choice,6
1296,wa,6
1297,arm,6
1298,thts,6
1299,super,6
1300,howz,6
1301,bugis,6
1302,simply,6
1303,marry,6
1304,moro,6
1305,kano,6
1306,coin,6
1307,girlfrnd,6
1308,cafe,6
1309,raining,6
1310,app,6
1311,wherever,6
1312,setting,6
1313,expensive,6
1314,brand,6
1315,inviting,6
1316,arrange,6
1317,cine,6
1318,contract,6
1319,kerala,6
1320,asleep,6
1321,qatar,6
1322,urawinner,6
1323,begin,6
1324,loverboy,6
1325,replied,6
1326,serious,6
1327,april,6
1328,process,6
1329,sipix,6
1330,aiyah,6
1331,bought,6
1332,nature,6
1333,keeping,6
1334,budget,6
1335,official,6
1336,armand,6
1337,foot,6
1338,nimya,6
1339,sed,6
1340,checked,6
1341,added,6
1342,pussy,6
1343,random,6
1344,screaming,6
1345,plenty,6
1346,amazing,6
1347,cancer,6
1348,hug,6
1349,melle,6
1350,tariff,6
1351,tick,6
1352,joking,6
1353,ahmad,6
1354,timing,6
1355,texting,6
1356,lie,6
1357,review,6
1358,pleased,6
1359,london,6
1360,lookin,6
1361,hook,6
1362,arcade,6
1363,created,6
1364,exciting,6
1365,beer,6
1366,fyi,6
1367,hate,6
1368,usually,6
1369,tyler,6
1370,toclaim,6
1371,stockport,6
1372,inch,6
1373,theatre,6
1374,hp,6
1375,standard,6
1376,ate,6
1377,died,6
1378,txtauction,6
1379,childish,6
1380,tncs,6
1381,fix,6
1382,closed,6
1383,wats,6
1384,argument,6
1385,boo,6
1386,exactly,6
1387,hunny,6
1388,teasing,6
1389,career,6
1390,partner,6
1391,cm,6
1392,zed,6
1393,green,6
1394,yay,6
1395,aftr,6
1396,five,6
1397,earth,6
1398,announcement,6
1399,daily,6
1400,vodafone,6
1401,cry,6
1402,holder,6
1403,listening,6
1404,anybody,6
1405,evng,6
1406,wer,6
1407,envelope,6
1408,fetch,6
1409,sunny,6
1410,ended,6
1411,law,6
1412,dint,6
1413,handset,6
1414,surely,6
1415,website,6
1416,personal,6
1417,straight,6
1418,bye,6
1419,murder,6
1420,sup,6
1421,spoke,6
1422,due,6
1423,version,6
1424,affair,5
1425,salary,5
1426,greet,5
1427,boring,5
1428,eng,5
1429,videophones,5
1430,art,5
1431,inclusive,5
1432,site,5
1433,hella,5
1434,looked,5
1435,gentle,5
1436,expecting,5
1437,acc,5
1438,xchat,5
1439,boost,5
1440,stone,5
1441,mile,5
1442,obviously,5
1443,lonely,5
1444,nat,5
1445,videochat,5
1446,nvm,5
1447,java,5
1448,dload,5
1449,purchase,5
1450,season,5
1451,noline,5
1452,alert,5
1453,step,5
1454,belly,5
1455,mrw,5
1456,hill,5
1457,dropped,5
1458,amount,5
1459,advice,5
1460,score,5
1461,ignore,5
1462,somethin,5
1463,stopped,5
1464,pissed,5
1465,yogasana,5
1466,asks,5
1467,lik,5
1468,relation,5
1469,note,5
1470,hostel,5
1471,thurs,5
1472,jazz,5
1473,deliver,5
1474,bowl,5
1475,ru,5
1476,bcm,5
1477,minuts,5
1478,latr,5
1479,white,5
1480,unable,5
1481,remind,5
1482,whether,5
1483,spook,5
1484,forwarded,5
1485,respond,5
1486,cartoon,5
1487,thursday,5
1488,amt,5
1489,brilliant,5
1490,ym,5
1491,rentl,5
1492,bun,5
1493,yun,5
1494,hun,5
1495,xxxx,5
1496,fool,5
1497,fighting,5
1498,stylish,5
1499,mite,5
1500,chinese,5
1501,cbe,5
1502,pple,5
1503,piece,5
1504,travel,5
1505,broke,5
1506,lion,5
1507,original,5
1508,polyphonic,5
1509,jordan,5
1510,island,5
1511,nw,5
1512,horrible,5
1513,gm,5
1514,sn,5
1515,quote,5
1516,playing,5
1517,village,5
1518,quit,5
1519,bitch,5
1520,italian,5
1521,sura,5
1522,revealed,5
1523,uni,5
1524,interesting,5
1525,subscriber,5
1526,living,5
1527,sing,5
1528,jesus,5
1529,opportunity,5
1530,centre,5
1531,clock,5
1532,airport,5
1533,derek,5
1534,eerie,5
1535,waking,5
1536,ran,5
1537,english,5
1538,fren,5
1539,twice,5
1540,bin,5
1541,social,5
1542,selling,5
1543,spl,5
1544,aint,5
1545,vomit,5
1546,google,5
1547,unsold,5
1548,wear,5
1549,common,5
1550,btw,5
1551,everybody,5
1552,rem,5
1553,totally,5
1554,vote,5
1555,flat,5
1556,city,5
1557,ti,5
1558,linerental,5
1559,prabha,5
1560,arrested,5
1561,contacted,5
1562,cheaper,5
1563,quoting,5
1564,laid,5
1565,atm,5
1566,wks,5
1567,enemy,5
1568,urgnt,5
1569,tb,5
1570,transaction,5
1571,str,5
1572,cannot,5
1573,intro,5
1574,plane,5
1575,interview,5
1576,blessing,5
1577,ride,5
1578,discus,5
1579,stock,5
1580,themob,5
1581,goal,5
1582,current,5
1583,cabin,5
1584,selection,5
1585,pongal,5
1586,scared,5
1587,mtmsg,5
1588,ec,5
1589,sam,5
1590,surfing,5
1591,bf,5
1592,wt,5
1593,hopefully,5
1594,romantic,5
1595,basically,5
1596,allah,5
1597,respect,5
1598,tt,5
1599,truly,5
1600,boston,5
1601,voda,5
1602,meal,5
1603,weak,5
1604,sum,5
1605,sen,5
1606,affection,5
1607,throw,5
1608,december,5
1609,sonyericsson,5
1610,ldnw,5
1611,star,5
1612,appointment,5
1613,jiu,5
1614,ray,5
1615,searching,5
1616,yan,5
1617,ppl,5
1618,wet,5
1619,lick,5
1620,geeee,5
1621,cud,5
1622,prepare,4
1623,freefone,4
1624,laughing,4
1625,cust,4
1626,ph,4
1627,rule,4
1628,tcr,4
1629,window,4
1630,three,4
1631,milk,4
1632,gravity,4
1633,carefully,4
1634,url,4
1635,action,4
1636,fly,4
1637,basic,4
1638,bloke,4
1639,moby,4
1640,comedy,4
1641,surprised,4
1642,brought,4
1643,passed,4
1644,talent,4
1645,brain,4
1646,idk,4
1647,sore,4
1648,bay,4
1649,response,4
1650,netcollex,4
1651,explain,4
1652,ma,4
1653,yuo,4
1654,followed,4
1655,rude,4
1656,infernal,4
1657,jhl,4
1658,june,4
1659,series,4
1660,wylie,4
1661,sept,4
1662,bday,4
1663,biggest,4
1664,fromm,4
1665,_,4
1666,ron,4
1667,forum,4
1668,map,4
1669,tihs,4
1670,deleted,4
1671,raise,4
1672,lecture,4
1673,profit,4
1674,aunt,4
1675,losing,4
1676,ae,4
1677,qxj,4
1678,seem,4
1679,regret,4
1680,bet,4
1681,football,4
1682,preferably,4
1683,passionate,4
1684,spending,4
1685,iq,4
1686,ache,4
1687,bishan,4
1688,throat,4
1689,practice,4
1690,pg,4
1691,percent,4
1692,module,4
1693,wp,4
1694,remain,4
1695,é,4
1696,sugar,4
1697,bloomberg,4
1698,vip,4
1699,cat,4
1700,unique,4
1701,upto,4
1702,hanging,4
1703,radio,4
1704,born,4
1705,pie,4
1706,skype,4
1707,hip,4
1708,package,4
1709,dirty,4
1710,jess,4
1711,grand,4
1712,outta,4
1713,mummy,4
1714,answering,4
1715,spk,4
1716,gram,4
1717,paris,4
1718,waitin,4
1719,cooking,4
1720,bud,4
1721,def,4
1722,cook,4
1723,wall,4
1724,saved,4
1725,supply,4
1726,solve,4
1727,leona,4
1728,settled,4
1729,aunty,4
1730,wanting,4
1731,master,4
1732,played,4
1733,often,4
1734,nearly,4
1735,thangam,4
1736,santa,4
1737,push,4
1738,cleaning,4
1739,inform,4
1740,careful,4
1741,takin,4
1742,embarassed,4
1743,giv,4
1744,diet,4
1745,church,4
1746,sw,4
1747,s,4
1748,form,4
1749,fever,4
1750,connect,4
1751,meanwhile,4
1752,afraid,4
1753,queen,4
1754,atlanta,4
1755,six,4
1756,shoot,4
1757,escape,4
1758,ordered,4
1759,essential,4
1760,received,4
1761,ibiza,4
1762,morrow,4
1763,leg,4
1764,temple,4
1765,membership,4
1766,smart,4
1767,attend,4
1768,seemed,4
1769,effect,4
1770,value,4
1771,anyways,4
1772,accidentally,4
1773,greeting,4
1774,schedule,4
1775,bite,4
1776,taken,4
1777,released,4
1778,happend,4
1779,pig,4
1780,ham,4
1781,addicted,4
1782,lab,4
1783,belovd,4
1784,bloody,4
1785,cam,4
1786,bahamas,4
1787,shortly,4
1788,qp,4
1789,oru,4
1790,intelligent,4
1791,rally,4
1792,lucozade,4
1793,winawk,4
1794,porn,4
1795,upset,4
1796,assume,4
1797,skilgme,4
1798,bear,4
1799,gently,4
1800,shame,4
1801,mt,4
1802,ure,4
1803,refused,4
1804,sooner,4
1805,tenant,4
1806,sheet,4
1807,purpose,4
1808,credited,4
1809,becoz,4
1810,understanding,4
1811,wrc,4
1812,meetin,4
1813,apparently,4
1814,receiving,4
1815,texted,4
1816,teeth,4
1817,wkend,4
1818,penny,4
1819,msgrcvdhg,4
1820,aiyar,4
1821,closer,4
1822,mmm,4
1823,theory,4
1824,cw,4
1825,expect,4
1826,iz,4
1827,wearing,4
1828,handle,4
1829,argue,4
1830,urn,4
1831,unredeemed,4
1832,cha,4
1833,needed,4
1834,celebrate,4
1835,moji,4
1836,height,4
1837,kettoda,4
1838,february,4
1839,fifteen,4
1840,xxxxxxx,4
1841,source,4
1842,harry,4
1843,idiot,4
1844,manda,4
1845,hols,4
1846,spoken,4
1847,esplanade,4
1848,sometime,4
1849,jamster,4
1850,bcums,4
1851,faster,4
1852,considering,4
1853,favour,4
1854,legal,4
1855,wave,4
1856,frndship,4
1857,nyc,4
1858,rush,4
1859,mk,4
1860,blank,4
1861,tree,4
1862,kidz,4
1863,delivered,4
1864,jen,4
1865,tkts,4
1866,grl,4
1867,fa,4
1868,gorgeous,4
1869,blackberry,4
1870,research,4
1871,easier,4
1872,txtin,4
1873,oni,4
1874,cream,4
1875,ref,4
1876,journey,4
1877,freak,4
1878,ntwk,4
1879,fml,4
1880,abi,4
1881,machan,4
1882,mumtaz,4
1883,vijay,4
1884,cross,4
1885,jada,4
1886,tablet,4
1887,exact,4
1888,personality,4
1889,bringing,4
1890,dare,4
1891,fl,4
1892,appt,4
1893,yer,4
1894,dem,4
1895,dictionary,4
1896,enjoyed,4
1897,largest,4
1898,center,4
1899,loss,4
1900,tyrone,4
1901,kusruthi,4
1902,befor,4
1903,weird,4
1904,wu,4
1905,mono,4
1906,mtmsgrcvd,4
1907,technical,4
1908,wtf,4
1909,teacher,4
1910,along,4
1911,total,4
1912,bathing,4
1913,instituitions,4
1914,activity,4
1915,sha,4
1916,purity,4
1917,taunton,4
1918,public,4
1919,govt,4
1920,matured,4
1921,ansr,4
1922,roger,4
1923,textpod,4
1924,rcv,4
1925,wah,4
1926,pod,4
1927,yetunde,4
1928,aiya,4
1929,bright,4
1930,drivin,4
1931,perfect,4
1932,dry,4
1933,recd,4
1934,constantly,3
1935,pending,3
1936,fair,3
1937,macho,3
1938,xuhui,3
1939,given,3
1940,register,3
1941,xavier,3
1942,lousy,3
1943,major,3
1944,gimme,3
1945,birth,3
1946,community,3
1947,lip,3
1948,proof,3
1949,loses,3
1950,invite,3
1951,returned,3
1952,fear,3
1953,morphine,3
1954,realize,3
1955,successfully,3
1956,shorter,3
1957,pink,3
1958,downloads,3
1959,hint,3
1960,china,3
1961,kadeem,3
1962,virgin,3
1963,ranjith,3
1964,diff,3
1965,shijas,3
1966,se,3
1967,subscribed,3
1968,dearly,3
1969,normally,3
1970,burn,3
1971,wud,3
1972,carry,3
1973,responding,3
1974,rich,3
1975,yeh,3
1976,provided,3
1977,avatar,3
1978,dubsack,3
1979,calicut,3
1980,warner,3
1981,boat,3
1982,caught,3
1983,audition,3
1984,argh,3
1985,skillgame,3
1986,bein,3
1987,havnt,3
1988,subpoly,3
1989,crack,3
1990,onwards,3
1991,touched,3
1992,slice,3
1993,natural,3
1994,frying,3
1995,prefer,3
1996,diamond,3
1997,avent,3
1998,hahaha,3
1999,alfie,3
2000,repair,3
2001,forevr,3
2002,nokias,3
2003,perwksub,3
2004,stomach,3
2005,possession,3
2006,kindly,3
2007,winaweek,3
2008,jan,3
2009,ppermesssubscription,3
2010,concert,3
2011,inning,3
2012,responsibility,3
2013,eaten,3
2014,bat,3
2015,spare,3
2016,slipper,3
2017,difference,3
2018,ga,3
2019,favor,3
2020,yummy,3
2021,ic,3
2022,clear,3
2023,fell,3
2024,tessy,3
2025,senthil,3
2026,jason,3
2027,honeybee,3
2028,successful,3
2029,anywhere,3
2030,tomarrow,3
2031,sweetest,3
2032,laughed,3
2033,opening,3
2034,yor,3
2035,cn,3
2036,ikea,3
2037,ne,3
2038,addie,3
2039,cardiff,3
2040,wind,3
2041,guilty,3
2042,apologise,3
2043,missin,3
2044,painful,3
2045,tf,3
2046,arsenal,3
2047,math,3
2048,ground,3
2049,gentleman,3
2050,speed,3
2051,dignity,3
2052,goodnite,3
2053,catching,3
2054,who,3
2055,error,3
2056,option,3
2057,caring,3
2058,shy,3
2059,beware,3
2060,monkey,3
2061,certainly,3
2062,claire,3
2063,blake,3
2064,recent,3
2065,drunk,3
2066,evry,3
2067,valuable,3
2068,eight,3
2069,karaoke,3
2070,networking,3
2071,hardcore,3
2072,juicy,3
2073,lotr,3
2074,haiz,3
2075,alwys,3
2076,minmobsmorelkpobox,3
2077,hubby,3
2078,dearer,3
2079,sorrow,3
2080,xxxxxxxxx,3
2081,aah,3
2082,twelve,3
2083,program,3
2084,evn,3
2085,itz,3
2086,shld,3
2087,previous,3
2088,captain,3
2089,morn,3
2090,rofl,3
2091,anti,3
2092,saucy,3
2093,various,3
2094,chillin,3
2095,textcomp,3
2096,chill,3
2097,parking,3
2098,dsn,3
2099,among,3
2100,whenevr,3
2101,verify,3
2102,havin,3
2103,rang,3
2104,sorted,3
2105,four,3
2106,software,3
2107,knackered,3
2108,fran,3
2109,executive,3
2110,express,3
2111,vava,3
2112,apps,3
2113,mix,3
2114,popped,3
2115,tom,3
2116,telphone,3
2117,invnted,3
2118,grahmbell,3
2119,margaret,3
2120,phne,3
2121,storming,3
2122,shot,3
2123,bigger,3
2124,anythin,3
2125,upload,3
2126,screen,3
2127,walmart,3
2128,celeb,3
2129,pocketbabe,3
2130,voicemail,3
2131,sentence,3
2132,messenger,3
2133,suntec,3
2134,lido,3
2135,chain,3
2136,loud,3
2137,collected,3
2138,dot,3
2139,advise,3
2140,staff,3
2141,cruise,3
2142,regarding,3
2143,male,3
2144,toll,3
2145,satisfied,3
2146,stuck,3
2147,maneesha,3
2148,mall,3
2149,follow,3
2150,spanish,3
2151,msging,3
2152,di,3
2153,arun,3
2154,million,3
2155,chosen,3
2156,university,3
2157,california,3
2158,james,3
2159,ball,3
2160,standing,3
2161,album,3
2162,mi,3
2163,dislike,3
2164,adore,3
2165,philosophy,3
2166,cramp,3
2167,mmmm,3
2168,table,3
2169,cuddle,3
2170,nap,3
2171,abta,3
2172,shesil,3
2173,beyond,3
2174,liverpool,3
2175,pull,3
2176,reminder,3
2177,suggest,3
2178,fathima,3
2179,taylor,3
2180,payment,3
2181,payoh,3
2182,mac,3
2183,toa,3
2184,august,3
2185,failed,3
2186,subscribe,3
2187,husband,3
2188,outstanding,3
2189,realized,3
2190,nan,3
2191,sh,3
2192,walked,3
2193,prey,3
2194,brothas,3
2195,soft,3
2196,birla,3
2197,terrible,3
2198,fan,3
2199,tog,3
2200,finishing,3
2201,burger,3
2202,exe,3
2203,gang,3
2204,buff,3
2205,force,3
2206,prospect,3
2207,foreign,3
2208,stamp,3
2209,ese,3
2210,speechless,3
2211,female,3
2212,roast,3
2213,concentrate,3
2214,dresser,3
2215,chatting,3
2216,chasing,3
2217,fire,3
2218,maintain,3
2219,starwars,3
2220,monthly,3
2221,magical,3
2222,welp,3
2223,suprman,3
2224,matrix,3
2225,event,3
2226,switch,3
2227,feelin,3
2228,chicken,3
2229,potential,3
2230,mnth,3
2231,helen,3
2232,polyph,3
2233,fuckin,3
2234,floor,3
2235,ubi,3
2236,winning,3
2237,wkg,3
2238,ringtoneking,3
2239,butt,3
2240,freezing,3
2241,blame,3
2242,raji,3
2243,jane,3
2244,shouted,3
2245,symbol,3
2246,fave,3
2247,doggy,3
2248,strike,3
2249,mobilesdirect,3
2250,railway,3
2251,gona,3
2252,impossible,3
2253,incident,3
2254,july,3
2255,tape,3
2256,moved,3
2257,randomly,3
2258,drinking,3
2259,seat,3
2260,ibhltd,3
2261,gautham,3
2262,buzy,3
2263,responce,3
2264,position,3
2265,remembered,3
2266,insha,3
2267,medicine,3
2268,thanksgiving,3
2269,vodka,3
2270,upgrade,3
2271,sory,3
2272,dave,3
2273,soryda,3
2274,tlp,3
2275,american,3
2276,seven,3
2277,shut,3
2278,ear,3
2279,elsewhere,3
2280,peace,3
2281,previously,3
2282,measure,3
2283,smoking,3
2284,booking,3
2285,mega,3
2286,homeowner,3
2287,dress,3
2288,instantly,3
2289,collecting,3
2290,slap,3
2291,halloween,3
2292,transfer,3
2293,spell,3
2294,behave,3
2295,oreo,3
2296,billed,3
2297,likely,3
2298,count,3
2299,wedding,3
2300,thm,3
2301,alcohol,3
2302,handed,3
2303,period,3
2304,celebration,3
2305,petrol,3
2306,nurungu,3
2307,violence,3
2308,minnaminunginte,3
2309,lay,3
2310,challenge,3
2311,wn,3
2312,callin,3
2313,tease,3
2314,okey,3
2315,settle,3
2316,breathe,3
2317,hide,3
2318,morow,3
2319,bloo,3
2320,lvblefrnd,3
2321,middle,3
2322,dark,3
2323,postcode,3
2324,boye,3
2325,jstfrnd,3
2326,alive,3
2327,nichols,3
2328,wallpaper,3
2329,wisdom,3
2330,clos,3
2331,headache,3
2332,swimming,3
2333,accident,3
2334,garage,3
2335,tsunami,3
2336,lock,3
2337,fit,3
2338,fish,3
2339,citizen,3
2340,newest,3
2341,exhausted,3
2342,sry,3
2343,deliveredtomorrow,3
2344,fightng,3
2345,gossip,3
2346,dificult,3
2347,madam,3
2348,science,3
2349,snake,3
2350,luxury,3
2351,kill,3
2352,prince,3
2353,scary,3
2354,maga,3
2355,transfered,3
2356,pop,3
2357,auto,3
2358,market,3
2359,ja,3
2360,dick,3
2361,callback,3
2362,bstfrnd,3
2363,swtheart,3
2364,wise,3
2365,lifpartnr,3
2366,ben,3
2367,dai,3
2368,praying,3
2369,cann,3
2370,ptbo,3
2371,cutefrnd,3
2372,enuff,3
2373,questioned,3
2374,beauty,3
2375,gardener,3
2376,fee,3
2377,hundred,3
2378,vegetable,3
2379,neighbour,3
2380,bar,3
2381,genuine,3
2382,business,3
2383,bless,3
2384,iouri,3
2385,lp,3
2386,prolly,3
2387,bro,3
2388,bell,3
2389,ba,3
2390,shortage,3
2391,stress,3
2392,crab,3
2393,prove,3
2394,instruction,3
2395,bmw,3
2396,blow,3
2397,urgently,3
2398,history,3
2399,wale,3
2400,temp,3
2401,confirmed,3
2402,vettam,3
2403,cleared,3
2404,footprint,3
2405,tirupur,3
2406,cornwall,3
2407,display,3
2408,threat,3
2409,parked,3
2410,regular,3
2411,arng,3
2412,gudnite,3
2413,sender,3
2414,include,3
2415,bottom,3
2416,mini,3
2417,favourite,3
2418,management,3
2419,bottle,3
2420,usc,3
2421,understood,3
2422,soup,3
2423,ummmmmaah,3
2424,ful,3
2425,channel,3
2426,remains,3
2427,irritating,3
2428,lil,3
2429,knowing,3
2430,callcost,3
2431,building,3
2432,shipping,3
2433,shelf,3
2434,quickly,3
2435,qu,3
2436,reality,3
2437,web,3
2438,csbcm,3
2439,generally,3
2440,iscoming,3
2441,blah,3
2442,cock,3
2443,lifetime,3
2444,scotland,3
2445,gary,3
2446,wrk,3
2447,stranger,3
2448,lounge,3
2449,flaked,3
2450,textoperator,3
2451,booty,3
2452,stomp,3
2453,erm,3
2454,pout,3
2455,distance,3
2456,supervisor,3
2457,flash,3
2458,farm,3
2459,jealous,3
2460,chart,3
2461,sorting,3
2462,low,3
2463,death,3
2464,hon,3
2465,accordingly,3
2466,sachin,3
2467,chechi,3
2468,bros,3
2469,skip,3
2470,spring,3
2471,oic,3
2472,germany,3
2473,killing,2
2474,canary,2
2475,kegger,2
2476,rhythm,2
2477,sleepy,2
2478,smith,2
2479,secretary,2
2480,adventure,2
2481,driver,2
2482,meow,2
2483,guessing,2
2484,boyfriend,2
2485,spile,2
2486,battle,2
2487,broad,2
2488,bang,2
2489,courage,2
2490,greatest,2
2491,canal,2
2492,engin,2
2493,ny,2
2494,msgrcvd,2
2495,edge,2
2496,royal,2
2497,pap,2
2498,pandy,2
2499,sticky,2
2500,rumour,2
2501,wifi,2
2502,mag,2
2503,edu,2
2504,lucy,2
2505,cooked,2
2506,east,2
2507,evrey,2
2508,raed,2
2509,nit,2
2510,snogs,2
2511,format,2
2512,neither,2
2513,sitll,2
2514,amongst,2
2515,repeat,2
2516,dedicate,2
2517,block,2
2518,evr,2
2519,wrnog,2
2520,splleing,2
2521,sarcasm,2
2522,nalla,2
2523,eurodisinc,2
2524,jsut,2
2525,exmpel,2
2526,indicate,2
2527,dedicated,2
2528,unfortunately,2
2529,northampton,2
2530,gving,2
2531,ruining,2
2532,rael,2
2533,waht,2
2534,abj,2
2535,konw,2
2536,serving,2
2537,nagar,2
2538,wihtuot,2
2539,ayn,2
2540,divorce,2
2541,aco,2
2542,aj,2
2543,howard,2
2544,reg,2
2545,lush,2
2546,steam,2
2547,sux,2
2548,jia,2
2549,musthu,2
2550,shracomorsglsuplt,2
2551,edward,2
2552,morefrmmob,2
2553,filled,2
2554,anna,2
2555,cheat,2
2556,chase,2
2557,trav,2
2558,finance,2
2559,jsco,2
2560,clothes,2
2561,growing,2
2562,joining,2
2563,blur,2
2564,calculation,2
2565,ee,2
2566,fastest,2
2567,west,2
2568,degree,2
2569,ow,2
2570,testing,2
2571,mitsake,2
2572,defeat,2
2573,silver,2
2574,fucked,2
2575,reboot,2
2576,lookatme,2
2577,ned,2
2578,cancelled,2
2579,epsilon,2
2580,mesages,2
2581,brief,2
2582,soul,2
2583,tmrw,2
2584,there,2
2585,usher,2
2586,george,2
2587,britney,2
2588,removal,2
2589,lst,2
2590,hang,2
2591,interest,2
2592,eveb,2
2593,patty,2
2594,goodnoon,2
2595,hurting,2
2596,main,2
2597,sweetie,2
2598,dance,2
2599,ganesh,2
2600,ela,2
2601,bone,2
2602,pours,2
2603,helloooo,2
2604,neway,2
2605,geva,2
2606,wuld,2
2607,solved,2
2608,chest,2
2609,agalla,2
2610,whn,2
2611,ing,2
2612,steve,2
2613,sake,2
2614,bruce,2
2615,teaching,2
2616,buyer,2
2617,canada,2
2618,pt,2
2619,probs,2
2620,ppw,2
2621,raj,2
2622,visionsms,2
2623,nydc,2
2624,birthdate,2
2625,academic,2
2626,animation,2
2627,admin,2
2628,shore,2
2629,drinkin,2
2630,fails,2
2631,irritates,2
2632,jerry,2
2633,profile,2
2634,clearing,2
2635,control,2
2636,dough,2
2637,topic,2
2638,tee,2
2639,minmoremobsemspobox,2
2640,ola,2
2641,garbage,2
2642,item,2
2643,absolutly,2
2644,reader,2
2645,phoenix,2
2646,potter,2
2647,phoned,2
2648,remembr,2
2649,massive,2
2650,improved,2
2651,telugu,2
2652,jokin,2
2653,andros,2
2654,lionp,2
2655,lionm,2
2656,vth,2
2657,hm,2
2658,gold,2
2659,salon,2
2660,polo,2
2661,penis,2
2662,swatch,2
2663,xxxxx,2
2664,ke,2
2665,jogging,2
2666,exhaust,2
2667,tues,2
2668,necessary,2
2669,allowed,2
2670,pee,2
2671,success,2
2672,ding,2
2673,division,2
2674,coat,2
2675,creep,2
2676,luvs,2
2677,mahal,2
2678,whose,2
2679,exeter,2
2680,revision,2
2681,bread,2
2682,silence,2
2683,property,2
2684,fab,2
2685,restaurant,2
2686,watever,2
2687,function,2
2688,costing,2
2689,tap,2
2690,natalja,2
2691,ali,2
2692,lyf,2
2693,deus,2
2694,moving,2
2695,lyfu,2
2696,messaged,2
2697,diwali,2
2698,desperate,2
2699,aid,2
2700,sunlight,2
2701,practical,2
2702,onion,2
2703,disaster,2
2704,thgt,2
2705,lower,2
2706,shared,2
2707,interflora,2
2708,postcard,2
2709,nowadays,2
2710,curious,2
2711,bk,2
2712,mokka,2
2713,earn,2
2714,size,2
2715,freedom,2
2716,otside,2
2717,jacket,2
2718,twenty,2
2719,tirunelvali,2
2720,reserve,2
2721,front,2
2722,painting,2
2723,path,2
2724,ideal,2
2725,tlk,2
2726,lf,2
2727,juan,2
2728,polyh,2
2729,nitros,2
2730,kidding,2
2731,stretch,2
2732,proverb,2
2733,kaiez,2
2734,pale,2
2735,everyday,2
2736,beneath,2
2737,bbd,2
2738,pimple,2
2739,av,2
2740,practicing,2
2741,tight,2
2742,yellow,2
2743,sinco,2
2744,disclose,2
2745,frog,2
2746,doubt,2
2747,fraud,2
2748,hor,2
2749,japanese,2
2750,icicibank,2
2751,payee,2
2752,tiwary,2
2753,mathematics,2
2754,dime,2
2755,mel,2
2756,pp,2
2757,lttrs,2
2758,threw,2
2759,increment,2
2760,atlast,2
2761,aproach,2
2762,dt,2
2763,intention,2
2764,truck,2
2765,speeding,2
2766,lv,2
2767,desert,2
2768,memory,2
2769,thy,2
2770,lived,2
2771,happily,2
2772,funk,2
2773,gthr,2
2774,payed,2
2775,evrydy,2
2776,mtalk,2
2777,blonde,2
2778,section,2
2779,buddy,2
2780,goodfriend,2
2781,nb,2
2782,parco,2
2783,aom,2
2784,staring,2
2785,placement,2
2786,base,2
2787,unnecessarily,2
2788,stayed,2
2789,mmmmmm,2
2790,gv,2
2791,weigh,2
2792,xxxmobilemovieclub,2
2793,gamestar,2
2794,active,2
2795,scoring,2
2796,expired,2
2797,mila,2
2798,cdgt,2
2799,propsd,2
2800,paragon,2
2801,arent,2
2802,hallaq,2
2803,disturbing,2
2804,kudi,2
2805,yarasu,2
2806,woken,2
2807,dhina,2
2808,vaazhthukkal,2
2809,kg,2
2810,limit,2
2811,ipad,2
2812,dumb,2
2813,prompt,2
2814,scotch,2
2815,dressed,2
2816,scold,2
2817,fujitsu,2
2818,electricity,2
2819,unkempt,2
2820,prescription,2
2821,cheese,2
2822,widelive,2
2823,kay,2
2824,shampain,2
2825,aka,2
2826,distract,2
2827,vivek,2
2828,fringe,2
2829,length,2
2830,bluff,2
2831,sary,2
2832,nasdaq,2
2833,explosive,2
2834,held,2
2835,funeral,2
2836,delhi,2
2837,tnc,2
2838,blu,2
2839,brah,2
2840,granite,2
2841,wiskey,2
2842,brandy,2
2843,rum,2
2844,gin,2
2845,protect,2
2846,sib,2
2847,sensitive,2
2848,hppnss,2
2849,lyk,2
2850,ofice,2
2851,lov,2
2852,killed,2
2853,convincing,2
2854,prem,2
2855,morro,2
2856,spoiled,2
2857,complaint,2
2858,shahjahan,2
2859,cld,2
2860,lk,2
2861,comfort,2
2862,fwd,2
2863,satisfy,2
2864,shagged,2
2865,stayin,2
2866,vega,2
2867,jaya,2
2868,bedrm,2
2869,lou,2
2870,beg,2
2871,sacrifice,2
2872,incredible,2
2873,ship,2
2874,huge,2
2875,belive,2
2876,outage,2
2877,causing,2
2878,continue,2
2879,holy,2
2880,cousin,2
2881,billion,2
2882,kavalan,2
2883,youre,2
2884,turning,2
2885,slot,2
2886,smashed,2
2887,discussed,2
2888,specific,2
2889,maturity,2
2890,tok,2
2891,xin,2
2892,lib,2
2893,despite,2
2894,swoop,2
2895,langport,2
2896,waited,2
2897,mcat,2
2898,bck,2
2899,terrorist,2
2900,clever,2
2901,rub,2
2902,vomiting,2
2903,pool,2
2904,zindgi,2
2905,wo,2
2906,mca,2
2907,disconnect,2
2908,jo,2
2909,confirmd,2
2910,stamped,2
2911,sleepwell,2
2912,dan,2
2913,verified,2
2914,gender,2
2915,cnn,2
2916,sumthin,2
2917,ibn,2
2918,color,2
2919,aww,2
2920,sarcastic,2
2921,bray,2
2922,vewy,2
2923,duchess,2
2924,mids,2
2925,upd,2
2926,annie,2
2927,mailbox,2
2928,messaging,2
2929,retrieve,2
2930,hrishi,2
2931,nothin,2
2932,poem,2
2933,shitload,2
2934,wicklow,2
2935,manage,2
2936,xam,2
2937,processed,2
2938,airtel,2
2939,idew,2
2940,devouring,2
2941,ryan,2
2942,nahi,2
2943,eire,2
2944,untamed,2
2945,nasty,2
2946,falling,2
2947,vid,2
2948,compromised,2
2949,actual,2
2950,mostly,2
2951,kl,2
2952,partnership,2
2953,minimum,2
2954,receivea,2
2955,picsfree,2
2956,movietrivia,2
2957,sathya,2
2958,dock,2
2959,ruin,2
2960,tip,2
2961,dealing,2
2962,waxsto,2
2963,hlp,2
2964,neck,2
2965,department,2
2966,conform,2
2967,cheating,2
2968,doll,2
2969,elaine,2
2970,cared,2
2971,hockey,2
2972,risk,2
2973,gotten,2
2974,benefit,2
2975,nu,2
2976,slip,2
2977,traffic,2
2978,kothi,2
2979,mess,2
2980,messy,2
2981,poker,2
2982,mornin,2
2983,prof,2
2984,sem,2
2985,environment,2
2986,terrific,2
2987,jas,2
2988,drunken,2
2989,dr,2
2990,toughest,2
2991,superior,2
2992,allow,2
2993,constant,2
2994,csh,2
2995,gifted,2
2996,knock,2
2997,batch,2
2998,innocent,2
2999,mental,2
3000,hoped,2
3001,pro,2
3002,easily,2
3003,marrow,2
3004,tomeandsaid,2
3005,itwhichturnedinto,2
3006,flaky,2
3007,lovingly,2
3008,dippeditinadew,2
3009,election,2
3010,propose,2
3011,kappa,2
3012,flame,2
3013,piss,2
3014,smeone,2
3015,treated,2
3016,selfish,2
3017,sooooo,2
3018,reasonable,2
3019,spider,2
3020,twilight,2
3021,exorcist,2
3022,munsters,2
3023,addamsfa,2
3024,ghost,2
3025,reverse,2
3026,forgotten,2
3027,dracula,2
3028,tg,2
3029,adoring,2
3030,toshiba,2
3031,odi,2
3032,british,2
3033,jiayin,2
3034,wating,2
3035,confuses,2
3036,bc,2
3037,sac,2
3038,tooo,2
3039,custom,2
3040,unknown,2
3041,relative,2
3042,index,2
3043,telly,2
3044,asp,2
3045,eighth,2
3046,wrote,2
3047,wipro,2
3048,swiss,2
3049,tooth,2
3050,mth,2
3051,director,2
3052,crore,2
3053,replacement,2
3054,priscilla,2
3055,joanna,2
3056,lccltd,2
3057,melt,2
3058,eek,2
3059,lane,2
3060,politician,2
3061,sian,2
3062,dbuk,2
3063,combine,2
3064,delete,2
3065,laundry,2
3066,properly,2
3067,christ,2
3068,wml,2
3069,snowman,2
3070,build,2
3071,unbreakable,2
3072,vday,2
3073,slo,2
3074,uh,2
3075,wasted,2
3076,westlife,2
3077,sucker,2
3078,underwear,2
3079,vale,2
3080,avoiding,2
3081,hsbc,2
3082,rw,2
3083,kent,2
3084,knee,2
3085,answered,2
3086,rgds,2
3087,waheed,2
3088,donno,2
3089,fake,2
3090,tsandcs,2
3091,alaipayuthe,2
3092,calm,2
3093,callfreefone,2
3094,whr,2
3095,dial,2
3096,telephone,2
3097,yunny,2
3098,easter,2
3099,mb,2
3100,ia,2
3101,maangalyam,2
3102,becomes,2
3103,____,2
3104,crisis,2
3105,indeed,2
3106,stick,2
3107,mmmmm,2
3108,detroit,2
3109,pre,2
3110,literally,2
3111,vu,2
3112,sptv,2
3113,resume,2
3114,desparate,2
3115,invader,2
3116,foley,2
3117,rr,2
3118,heater,2
3119,furniture,2
3120,transfr,2
3121,recharge,2
3122,console,2
3123,jackpot,2
3124,orig,2
3125,desire,2
3126,habit,2
3127,ibh,2
3128,mandan,2
3129,forgets,2
3130,shoving,2
3131,eta,2
3132,strange,2
3133,housewife,2
3134,acl,2
3135,indyarocks,2
3136,txtno,2
3137,range,2
3138,nervous,2
3139,update_now,2
3140,simpler,2
3141,filthy,2
3142,pan,2
3143,perhaps,2
3144,m,2
3145,muah,2
3146,slp,2
3147,avoid,2
3148,print,2
3149,application,2
3150,beloved,2
3151,mei,2
3152,brownie,2
3153,geeeee,2
3154,lo,2
3155,anot,2
3156,tahan,2
3157,loyal,2
3158,bootydelious,2
3159,fo,2
3160,borin,2
3161,cali,2
3162,prepayment,2
3163,reckon,2
3164,chocolate,2
3165,weakness,2
3166,cutting,2
3167,reminding,2
3168,crap,2
3169,necklace,2
3170,owns,2
3171,apo,2
3172,rice,2
3173,racing,2
3174,faggy,2
3175,demand,2
3176,bristol,2
3177,ton,2
3178,oooh,2
3179,shu,2
3180,favorite,2
3181,charles,2
3182,worst,2
3183,sarasota,2
3184,soiree,2
3185,smell,2
3186,cashbin,2
3187,several,2
3188,agent,2
3189,promo,2
3190,ques,2
3191,suit,2
3192,shock,2
3193,superb,2
3194,reaction,2
3195,blind,2
3196,actor,2
3197,thread,2
3198,ag,2
3199,bleh,2
3200,sleepin,2
3201,dokey,2
3202,ey,2
3203,jean,2
3204,clark,2
3205,lux,2
3206,utter,2
3207,dancing,2
3208,natalie,2
3209,peak,2
3210,ashley,2
3211,yck,2
3212,funky,2
3213,cherish,2
3214,hardly,2
3215,chip,2
3216,minor,2
3217,mouth,2
3218,violated,2
3219,tech,2
3220,flirting,2
3221,deciding,2
3222,forgiven,2
3223,sends,2
3224,occupy,2
3225,slide,2
3226,thesis,2
3227,kickoff,2
3228,educational,2
3229,somtimes,2
3230,renewal,2
3231,hb,2
3232,gnt,2
3233,randy,2
3234,viva,2
3235,rightly,2
3236,edison,2
3237,eastenders,2
3238,compare,2
3239,sufficient,2
3240,unemployed,2
3241,hyde,2
3242,oi,2
3243,anthony,2
3244,status,2
3245,audrey,2
3246,dentist,2
3247,mnths,2
3248,tayseer,2
3249,scrounge,2
3250,prepared,2
3251,tissco,2
3252,pouch,2
3253,wkent,2
3254,lily,2
3255,tulip,2
3256,violet,2
3257,thx,2
3258,blanket,2
3259,privacy,2
3260,develop,2
3261,drove,2
3262,managed,2
3263,hero,2
3264,caroline,2
3265,capital,2
3266,flowing,2
3267,acted,2
3268,ability,2
3269,taco,2
3270,paperwork,2
3271,quiet,2
3272,blessed,2
3273,plaza,2
3274,recovery,2
3275,everywhere,2
3276,sd,2
3277,misbehaved,2
3278,anniversary,2
3279,filling,2
3280,pattern,2
3281,transport,2
3282,definite,2
3283,zoe,2
3284,no,2
3285,nanny,2
3286,sheffield,2
3287,plm,2
3288,xn,2
3289,image,2
3290,essexcm,2
3291,datebox,2
3292,secretly,2
3293,pen,2
3294,txtstop,2
3295,ebay,2
3296,pickle,2
3297,grow,2
3298,taxi,2
3299,crash,2
3300,galileo,2
3301,aeroplane,2
3302,headin,2
3303,hurried,2
3304,enjoyin,2
3305,datz,2
3306,necessarily,2
3307,dobby,2
3308,select,2
3309,loveme,2
3310,dorm,2
3311,mobilesvary,2
3312,px,2
3313,borrow,2
3314,cooky,2
3315,costume,2
3316,mountain,2
3317,jolt,2
3318,horo,2
3319,admit,2
3320,dining,2
3321,countin,2
3322,ultimatum,2
3323,kz,2
3324,skyped,2
3325,shoppin,2
3326,hol,2
3327,mojibiola,2
3328,o,2
3329,calld,2
3330,woot,2
3331,installing,2
3332,aeronautics,2
3333,professor,2
3334,suzy,2
3335,cappuccino,2
3336,sip,2
3337,bec,2
3338,lag,2
3339,inconsiderate,2
3340,begging,2
3341,pole,2
3342,premier,2
3343,confused,2
3344,faith,2
3345,printed,2
3346,upstairs,2
3347,acting,2
3348,grandma,2
3349,gist,2
3350,henry,2
3351,shining,2
3352,signing,2
3353,although,2
3354,commercial,2
3355,kiosk,2
3356,yf,2
3357,thousand,2
3358,thot,2
3359,imp,2
3360,nic,2
3361,correction,2
3362,amused,2
3363,rg,2
3364,php,2
3365,getstop,2
3366,cashto,2
3367,conduct,2
3368,nuther,2
3369,helpline,2
3370,petey,2
3371,ctxt,2
3372,deepak,2
3373,attached,2
3374,deeraj,2
3375,drpd,2
3376,infection,2
3377,aburo,2
3378,nag,2
3379,useful,2
3380,panic,2
3381,completed,2
3382,jolly,2
3383,downloaded,2
3384,stopsms,2
3385,rstm,2
3386,castor,2
3387,fixedline,2
3388,wesley,2
3389,wee,2
3390,wishin,2
3391,jenny,2
3392,dealer,2
3393,hamster,2
3394,miserable,2
3395,impatient,2
3396,river,2
3397,woulda,2
3398,massage,2
3399,tool,2
3400,unbelievable,2
3401,officially,2
3402,shocking,2
3403,textbuddy,2
3404,gaytextbuddy,2
3405,grave,2
3406,ml,2
3407,pride,2
3408,respectful,2
3409,oil,2
3410,denis,2
3411,gibbs,2
3412,expressoffer,2
3413,usb,2
3414,permission,2
3415,sweetheart,2
3416,biola,2
3417,premium,2
3418,en,2
3419,recession,2
3420,warning,2
3421,kr,2
3422,lovejen,2
3423,ericsson,2
3424,cme,2
3425,shoe,2
3426,cochin,2
3427,suggestion,2
3428,bruv,2
3429,sue,2
3430,rewarding,2
3431,poop,2
3432,gpu,2
3433,heading,2
3434,soo,2
3435,donate,2
3436,hence,2
3437,discreet,2
3438,spoon,2
3439,refilled,2
3440,lately,2
3441,xxxxxx,2
3442,peaceful,2
3443,consider,2
3444,gf,2
3445,approx,2
3446,smsco,2
3447,mystery,2
3448,goldviking,2
3449,hex,2
3450,lotta,2
3451,yelling,2
3452,inr,2
3453,keralacircle,2
3454,genius,2
3455,prepaid,2
3456,named,2
3457,z,2
3458,loose,2
3459,truffle,2
3460,recognise,2
3461,dx,2
3462,whatsup,2
3463,nok,2
3464,depressed,2
3465,ch,2
3466,garden,2
3467,invest,2
3468,gain,2
3469,bulb,2
3470,delay,2
3471,seed,2
3472,field,2
3473,flip,2
3474,administrator,2
3475,infront,2
3476,tension,2
3477,neighbor,2
3478,visitor,2
3479,strip,2
3480,gastroenteritis,2
3481,tomorro,2
3482,apart,2
3483,taste,2
3484,fret,2
3485,gent,2
3486,potato,2
3487,silently,2
3488,cliff,2
3489,tortilla,2
3490,algarve,2
3491,creepy,2
3492,explicit,2
3493,drms,2
3494,wld,2
3495,coping,2
3496,coast,2
3497,speedchat,2
3498,apple,2
3499,suppose,2
3500,burning,2
3501,durban,2
3502,clearly,2
3503,sharing,2
3504,ovulation,2
3505,screamed,2
3506,survey,2
3507,sar,2
3508,shipped,2
3509,difficulty,2
3510,notxt,2
3511,loxahatchee,2
3512,europe,2
3513,noun,2
3514,broken,2
3515,purse,2
3516,pw,2
3517,individual,2
3518,fav,2
3519,cricketer,2
3520,bhaji,2
3521,differ,2
3522,slightly,2
3523,dhoni,2
3524,scotsman,2
3525,fil,2
3526,removed,2
3527,tank,2
3528,applebees,2
3529,he,2
3530,weirdest,2
3531,jd,2
3532,language,2
3533,toot,2
3534,cuddling,2
3535,salam,2
3536,grace,2
3537,improve,2
3538,expression,2
3539,realise,2
3540,siva,2
3541,makin,2
3542,trade,2
3543,beneficiary,2
3544,amy,2
3545,txttowin,2
3546,rec,2
3547,convinced,2
3548,popcorn,2
3549,neft,2
3550,goodo,2
3551,eva,2
3552,puttin,2
3553,inshah,2
3554,reduce,2
3555,msn,2
3556,speaking,2
3557,itcould,2
3558,planet,2
3559,adam,2
3560,warranty,2
3561,annoying,2
3562,bp,2
3563,singing,2
3564,curry,2
3565,limiting,2
3566,mobno,2
3567,illness,2
3568,appreciated,2
3569,craziest,2
3570,breath,2
3571,tr,2
3572,replace,2
3573,agree,2
3574,olayiwola,1
3575,burgundy,1
3576,mention,1
3577,alaikkum,1
3578,served,1
3579,sday,1
3580,bpo,1
3581,mecause,1
3582,punj,1
3583,classic,1
3584,amrita,1
3585,doom,1
3586,paul,1
3587,charming,1
3588,captaining,1
3589,noi,1
3590,barmed,1
3591,jade,1
3592,cumming,1
3593,stink,1
3594,asa,1
3595,accent,1
3596,fonin,1
3597,mwen,1
3598,phil,1
3599,frmcloud,1
3600,fund,1
3601,marandratha,1
3602,footie,1
3603,neville,1
3604,asian,1
3605,unicef,1
3606,ppmpobox,1
3607,follows,1
3608,bhamb,1
3609,xe,1
3610,pounded,1
3611,tx,1
3612,correctly,1
3613,nighters,1
3614,okden,1
3615,persevered,1
3616,regretted,1
3617,werebored,1
3618,spouse,1
3619,pixel,1
3620,pmt,1
3621,collapsed,1
3622,mileage,1
3623,nytho,1
3624,returning,1
3625,landing,1
3626,shldxxxx,1
3627,abbey,1
3628,scenario,1
3629,spun,1
3630,wrld,1
3631,optical,1
3632,benny,1
3633,tex,1
3634,illspeak,1
3635,petexxx,1
3636,heaven,1
3637,steyn,1
3638,diaper,1
3639,owed,1
3640,messed,1
3641,kodstini,1
3642,wicket,1
3643,unlike,1
3644,sterm,1
3645,patient,1
3646,frankie,1
3647,resolved,1
3648,shudvetold,1
3649,hogolo,1
3650,xxxxxxxxxxxxxx,1
3651,turkey,1
3652,thasa,1
3653,hmph,1
3654,aquarius,1
3655,ayo,1
3656,xt,1
3657,freeentry,1
3658,toyota,1
3659,kodthini,1
3660,eerulli,1
3661,mutai,1
3662,travelled,1
3663,punto,1
3664,madstini,1
3665,changing,1
3666,dorothy,1
3667,nmde,1
3668,baller,1
3669,pisces,1
3670,kiefer,1
3671,hogli,1
3672,jam,1
3673,bthere,1
3674,vat,1
3675,barred,1
3676,fundamental,1
3677,whoever,1
3678,dungerees,1
3679,chex,1
3680,coulda,1
3681,twat,1
3682,grownup,1
3683,rushing,1
3684,decking,1
3685,jerk,1
3686,dental,1
3687,mmsto,1
3688,clip,1
3689,camry,1
3690,sacked,1
3691,thinkthis,1
3692,allalo,1
3693,arnt,1
3694,fromwrk,1
3695,outsomewhere,1
3696,mentionned,1
3697,hannaford,1
3698,urgran,1
3699,grocer,1
3700,unintentionally,1
3701,watershd,1
3702,adrink,1
3703,wedlunch,1
3704,eppolum,1
3705,buz,1
3706,okday,1
3707,phony,1
3708,alle,1
3709,mone,1
3710,punch,1
3711,wheat,1
3712,dangerous,1
3713,fassyole,1
3714,wenever,1
3715,stopcost,1
3716,astrology,1
3717,hooch,1
3718,hire,1
3719,ay,1
3720,hitman,1
3721,cps,1
3722,mat,1
3723,goody,1
3724,vibrant,1
3725,colourful,1
3726,toaday,1
3727,nonetheless,1
3728,unintentional,1
3729,xxsp,1
3730,snot,1
3731,abroad,1
3732,conserve,1
3733,voted,1
3734,epi,1
3735,bare,1
3736,kittum,1
3737,tranquility,1
3738,showed,1
3739,pshew,1
3740,expert,1
3741,strt,1
3742,isaiah,1
3743,ltdhelpdesk,1
3744,equally,1
3745,uneventful,1
3746,sexychat,1
3747,pesky,1
3748,hopeing,1
3749,torture,1
3750,splat,1
3751,cyclist,1
3752,adi,1
3753,entey,1
3754,yah,1
3755,hearin,1
3756,deny,1
3757,steal,1
3758,grazed,1
3759,nattil,1
3760,bhaskar,1
3761,bawling,1
3762,gong,1
3763,nh,1
3764,locaxx,1
3765,skateboarding,1
3766,inconvenience,1
3767,thrown,1
3768,bandage,1
3769,html,1
3770,mfl,1
3771,hectic,1
3772,terminated,1
3773,wamma,1
3774,kaypoh,1
3775,doggin,1
3776,webpage,1
3777,solihull,1
3778,virtual,1
3779,mre,1
3780,smiled,1
3781,slob,1
3782,apnt,1
3783,pant,1
3784,muchxxlove,1
3785,underdtand,1
3786,versus,1
3787,hui,1
3788,basketball,1
3789,outdoors,1
3790,participate,1
3791,gopalettan,1
3792,margin,1
3793,interfued,1
3794,gotbabes,1
3795,listed,1
3796,apology,1
3797,hustle,1
3798,bergkamp,1
3799,forth,1
3800,hunk,1
3801,unsubscribed,1
3802,yard,1
3803,harlem,1
3804,workout,1
3805,zac,1
3806,yeesh,1
3807,twin,1
3808,independently,1
3809,blog,1
3810,bluray,1
3811,subsequent,1
3812,upcharge,1
3813,stagwood,1
3814,filth,1
3815,ahhhh,1
3816,stuffing,1
3817,olol,1
3818,dialling,1
3819,saristar,1
3820,advisor,1
3821,winterstone,1
3822,hopeful,1
3823,yt,1
3824,emigrated,1
3825,phyhcmk,1
3826,wire,1
3827,sg,1
3828,stdtxtrate,1
3829,soundtrack,1
3830,lord,1
3831,experiencehttp,1
3832,victor,1
3833,multiply,1
3834,warned,1
3835,announced,1
3836,broadband,1
3837,cashed,1
3838,installation,1
3839,tensed,1
3840,walkabout,1
3841,intrude,1
3842,priest,1
3843,coughing,1
3844,sprint,1
3845,unit,1
3846,kaila,1
3847,maraikara,1
3848,enketa,1
3849,gower,1
3850,pathaya,1
3851,mofo,1
3852,etlp,1
3853,jp,1
3854,vouch,1
3855,alwa,1
3856,karnan,1
3857,mobcudb,1
3858,failure,1
3859,secure,1
3860,varma,1
3861,mailed,1
3862,webadres,1
3863,geting,1
3864,deer,1
3865,yen,1
3866,failing,1
3867,fals,1
3868,fal,1
3869,sabarish,1
3870,stability,1
3871,wnevr,1
3872,tightly,1
3873,frontierville,1
3874,chapel,1
3875,importantly,1
3876,thinl,1
3877,court,1
3878,passport,1
3879,sphosting,1
3880,rtf,1
3881,madodu,1
3882,farting,1
3883,pretsovru,1
3884,inpersonation,1
3885,flea,1
3886,banneduk,1
3887,highest,1
3888,maximum,1
3889,taj,1
3890,lesser,1
3891,nammanna,1
3892,pretsorginta,1
3893,known,1
3894,trained,1
3895,facility,1
3896,velusamy,1
3897,guai,1
3898,nav,1
3899,ortxt,1
3900,arises,1
3901,hari,1
3902,chik,1
3903,seeking,1
3904,dump,1
3905,maretare,1
3906,kalisidare,1
3907,dysentry,1
3908,suffering,1
3909,olage,1
3910,stair,1
3911,hehe,1
3912,ondu,1
3913,keluviri,1
3914,puzzle,1
3915,dusk,1
3916,ivatte,1
3917,inde,1
3918,tirunelvai,1
3919,dodda,1
3920,problum,1
3921,nalli,1
3922,siguviri,1
3923,idu,1
3924,worm,1
3925,matra,1
3926,sall,1
3927,andre,1
3928,eleven,1
3929,absolutely,1
3930,dino,1
3931,craigslist,1
3932,uncut,1
3933,poortiyagi,1
3934,odalebeku,1
3935,exchanged,1
3936,shanil,1
3937,phews,1
3938,hanumanji,1
3939,hanuman,1
3940,janarige,1
3941,bajarangabali,1
3942,maruti,1
3943,pavanaputra,1
3944,swan,1
3945,gokila,1
3946,sankatmochan,1
3947,ramaduth,1
3948,virgil,1
3949,mahaveer,1
3950,neglet,1
3951,shexy,1
3952,justfound,1
3953,deviousbitch,1
3954,checkboxes,1
3955,foward,1
3956,batsman,1
3957,yetty,1
3958,dormitory,1
3959,compensation,1
3960,enufcredeit,1
3961,rearrange,1
3962,poking,1
3963,fuckinnice,1
3964,coccooning,1
3965,ourbacks,1
3966,thnov,1
3967,ree,1
3968,toothpaste,1
3969,gotmarried,1
3970,diddy,1
3971,thatmum,1
3972,emailed,1
3973,yifeng,1
3974,astronomer,1
3975,lightly,1
3976,windy,1
3977,gei,1
3978,hitler,1
3979,ijust,1
3980,musta,1
3981,lamp,1
3982,recount,1
3983,talked,1
3984,opps,1
3985,splash,1
3986,awkward,1
3987,tron,1
3988,embassy,1
3989,talkin,1
3990,dl,1
3991,spiffing,1
3992,starer,1
3993,workage,1
3994,craving,1
3995,newquay,1
3996,supose,1
3997,babysit,1
3998,treadmill,1
3999,anyones,1
4000,yaxx,1
4001,qbank,1
4002,salesman,1
4003,boatin,1
4004,spinout,1
4005,uworld,1
4006,fatty,1
4007,sway,1
4008,badrith,1
4009,owe,1
4010,hurricane,1
4011,customersqueries,1
4012,starving,1
4013,arise,1
4014,checkin,1
4015,erupt,1
4016,query,1
4017,resent,1
4018,hoody,1
4019,badass,1
4020,volcano,1
4021,reassurance,1
4022,netvision,1
4023,aroundn,1
4024,breakin,1
4025,port,1
4026,blacko,1
4027,raviyog,1
4028,foned,1
4029,chuck,1
4030,londn,1
4031,peripheral,1
4032,andres,1
4033,woould,1
4034,bhayandar,1
4035,sunoco,1
4036,hassling,1
4037,juswoke,1
4038,musical,1
4039,vco,1
4040,chickened,1
4041,lasagna,1
4042,plate,1
4043,lighter,1
4044,leftover,1
4045,humanity,1
4046,luvd,1
4047,assessment,1
4048,frndshp,1
4049,overdid,1
4050,kotees,1
4051,recycling,1
4052,telediscount,1
4053,vatian,1
4054,everyones,1
4055,babysitting,1
4056,gonnamissu,1
4057,buttheres,1
4058,mufti,1
4059,someonone,1
4060,armenia,1
4061,tke,1
4062,temales,1
4063,aboutas,1
4064,merememberin,1
4065,asthere,1
4066,ofsi,1
4067,finishd,1
4068,mahfuuz,1
4069,dull,1
4070,adrian,1
4071,earning,1
4072,thnq,1
4073,rct,1
4074,pity,1
4075,squeeeeeze,1
4076,aslamalaikkum,1
4077,tohar,1
4078,zebra,1
4079,swann,1
4080,sugababes,1
4081,swimsuit,1
4082,beeen,1
4083,reservation,1
4084,feng,1
4085,justify,1
4086,muht,1
4087,panther,1
4088,hunt,1
4089,tai,1
4090,albi,1
4091,hava,1
4092,toledo,1
4093,aletter,1
4094,slurp,1
4095,heap,1
4096,reslove,1
4097,gate,1
4098,perumbavoor,1
4099,lingerie,1
4100,bridal,1
4101,petticoatdreams,1
4102,weddingfriend,1
4103,board,1
4104,overheating,1
4105,dudette,1
4106,inst,1
4107,katexxx,1
4108,western,1
4109,hdd,1
4110,notixiquating,1
4111,laxinorficated,1
4112,approved,1
4113,bambling,1
4114,entropication,1
4115,oblisingately,1
4116,opted,1
4117,level,1
4118,outfor,1
4119,amplikater,1
4120,describe,1
4121,logging,1
4122,hypotheticalhuagauahahuagahyuhagga,1
4123,younger,1
4124,asus,1
4125,brainy,1
4126,occasion,1
4127,celebrated,1
4128,reflection,1
4129,preponed,1
4130,wound,1
4131,stage,1
4132,clarify,1
4133,tradition,1
4134,treatin,1
4135,cantdo,1
4136,anythingtomorrow,1
4137,myparents,1
4138,opened,1
4139,casing,1
4140,aretaking,1
4141,masteriastering,1
4142,fidalfication,1
4143,feellikw,1
4144,logoff,1
4145,nìte,1
4146,rencontre,1
4147,beendropping,1
4148,wherre,1
4149,theplace,1
4150,adress,1
4151,countinlots,1
4152,resolution,1
4153,frank,1
4154,parkin,1
4155,puppy,1
4156,oyster,1
4157,updat,1
4158,amma,1
4159,achan,1
4160,sashimi,1
4161,clover,1
4162,likeyour,1
4163,rumbling,1
4164,uin,1
4165,salt,1
4166,noise,1
4167,champlaxigating,1
4168,deepest,1
4169,atrocious,1
4170,wotz,1
4171,adsense,1
4172,junna,1
4173,knickers,1
4174,goigng,1
4175,nikiyu,1
4176,inconvenient,1
4177,darkest,1
4178,divert,1
4179,haughaighgtujhyguj,1
4180,treacle,1
4181,crossing,1
4182,mumhas,1
4183,perfume,1
4184,meg,1
4185,wadebridge,1
4186,vill,1
4187,orc,1
4188,tagged,1
4189,pretend,1
4190,helpful,1
4191,geoenvironmental,1
4192,okors,1
4193,refunded,1
4194,lowes,1
4195,somerset,1
4196,overtime,1
4197,nigpun,1
4198,disagreeable,1
4199,um,1
4200,shove,1
4201,dismissial,1
4202,screwd,1
4203,afterwards,1
4204,bull,1
4205,salmon,1
4206,floating,1
4207,ibored,1
4208,perweeksub,1
4209,gene,1
4210,heehee,1
4211,arithmetic,1
4212,elephant,1
4213,shortcode,1
4214,ileave,1
4215,jack,1
4216,misundrstud,1
4217,wrkin,1
4218,uploaded,1
4219,deserve,1
4220,uawake,1
4221,nri,1
4222,brainless,1
4223,vehicle,1
4224,sariyag,1
4225,tocall,1
4226,madoke,1
4227,opposed,1
4228,barolla,1
4229,pookie,1
4230,postponed,1
4231,stocked,1
4232,vivekanand,1
4233,tiime,1
4234,lanka,1
4235,afternon,1
4236,resizing,1
4237,percentage,1
4238,chillaxin,1
4239,ranju,1
4240,fink,1
4241,reformat,1
4242,reapply,1
4243,subscriptn,1
4244,landlineonly,1
4245,onwords,1
4246,skyving,1
4247,loneliness,1
4248,watched,1
4249,orno,1
4250,implication,1
4251,rajitha,1
4252,promised,1
4253,carlie,1
4254,minmobsmore,1
4255,opener,1
4256,lkpobox,1
4257,youphone,1
4258,liver,1
4259,athome,1
4260,youwanna,1
4261,saving,1
4262,resuming,1
4263,plumber,1
4264,zero,1
4265,fuuuuck,1
4266,thriller,1
4267,appeal,1
4268,iknow,1
4269,wellda,1
4270,peril,1
4271,studentfinancial,1
4272,mustprovide,1
4273,monster,1
4274,accommodationvouchers,1
4275,mumbai,1
4276,obey,1
4277,uhhhhrmm,1
4278,bcum,1
4279,wrench,1
4280,mtnl,1
4281,deltomorrow,1
4282,adding,1
4283,smartcall,1
4284,sri,1
4285,zealand,1
4286,shud,1
4287,careless,1
4288,wasnt,1
4289,split,1
4290,firsg,1
4291,legitimat,1
4292,noooooooo,1
4293,skye,1
4294,bookedthe,1
4295,chop,1
4296,chapter,1
4297,hut,1
4298,drastic,1
4299,sudn,1
4300,garment,1
4301,sez,1
4302,arab,1
4303,vilikkam,1
4304,njan,1
4305,eshxxxxxxxxxxx,1
4306,bimbo,1
4307,ugo,1
4308,portege,1
4309,fixd,1
4310,engagement,1
4311,semiobscure,1
4312,gprs,1
4313,heat,1
4314,closeby,1
4315,shrub,1
4316,ithink,1
4317,lunsford,1
4318,enjoying,1
4319,prizeawaiting,1
4320,kfc,1
4321,lotsof,1
4322,gravy,1
4323,bedreal,1
4324,layin,1
4325,tonsolitusaswell,1
4326,attended,1
4327,mw,1
4328,amnow,1
4329,applyed,1
4330,marvel,1
4331,tuth,1
4332,eviction,1
4333,spiral,1
4334,michael,1
4335,riddance,1
4336,hopeso,1
4337,sumfing,1
4338,suffers,1
4339,raglan,1
4340,cricket,1
4341,loosu,1
4342,freaking,1
4343,cmon,1
4344,efreefone,1
4345,toilet,1
4346,nail,1
4347,ofcourse,1
4348,abstract,1
4349,backwards,1
4350,asia,1
4351,rdy,1
4352,symptom,1
4353,surrender,1
4354,stil,1
4355,pist,1
4356,beverage,1
4357,tobed,1
4358,utxt,1
4359,predictive,1
4360,duvet,1
4361,stolen,1
4362,asthma,1
4363,attack,1
4364,spin,1
4365,haiyoh,1
4366,coach,1
4367,urgh,1
4368,greatly,1
4369,prsn,1
4370,africa,1
4371,planettalkinstant,1
4372,avin,1
4373,psxtra,1
4374,myspace,1
4375,logged,1
4376,method,1
4377,ppmmobilesvary,1
4378,jewelry,1
4379,breaker,1
4380,pendent,1
4381,deluxe,1
4382,portion,1
4383,feature,1
4384,lrg,1
4385,brekkie,1
4386,chit,1
4387,graphic,1
4388,satthen,1
4389,bbdeluxe,1
4390,cu,1
4391,fumbling,1
4392,probpop,1
4393,scool,1
4394,quiteamuzing,1
4395,zf,1
4396,logon,1
4397,weekday,1
4398,hiphop,1
4399,jetton,1
4400,manchester,1
4401,mjzgroup,1
4402,answerin,1
4403,ripped,1
4404,broth,1
4405,evey,1
4406,anythiing,1
4407,ramen,1
4408,vijaykanth,1
4409,firmware,1
4410,blowing,1
4411,mn,1
4412,fowler,1
4413,ultimate,1
4414,flew,1
4415,attention,1
4416,tix,1
4417,fne,1
4418,prin,1
4419,youdoing,1
4420,ennal,1
4421,prakasam,1
4422,sneham,1
4423,gsoh,1
4424,prakasamanu,1
4425,spam,1
4426,gigolo,1
4427,absence,1
4428,clubmoby,1
4429,willpower,1
4430,gam,1
4431,noworriesloans,1
4432,pocay,1
4433,tamilnadu,1
4434,harder,1
4435,nbme,1
4436,sickness,1
4437,wocay,1
4438,villa,1
4439,ettans,1
4440,prasanth,1
4441,spice,1
4442,smash,1
4443,elaborate,1
4444,religiously,1
4445,expects,1
4446,goverment,1
4447,decade,1
4448,muhommad,1
4449,btwn,1
4450,fiting,1
4451,keypad,1
4452,mj,1
4453,morrowxxxx,1
4454,unconvinced,1
4455,oncall,1
4456,neekunna,1
4457,general,1
4458,ashwini,1
4459,depression,1
4460,infact,1
4461,simpson,1
4462,band,1
4463,shite,1
4464,canname,1
4465,recorder,1
4466,kip,1
4467,hont,1
4468,amanda,1
4469,roller,1
4470,renewing,1
4471,upgrading,1
4472,subject,1
4473,perspective,1
4474,conveying,1
4475,debating,1
4476,wtlp,1
4477,jb,1
4478,florida,1
4479,hidden,1
4480,resort,1
4481,oxygen,1
4482,swhrt,1
4483,ez,1
4484,familiar,1
4485,outsider,1
4486,perf,1
4487,prescribed,1
4488,thet,1
4489,irulinae,1
4490,skinny,1
4491,jeevithathile,1
4492,worc,1
4493,bcz,1
4494,casting,1
4495,hlday,1
4496,camp,1
4497,amrca,1
4498,serena,1
4499,presnts,1
4500,australia,1
4501,ceiling,1
4502,foregate,1
4503,meatball,1
4504,approve,1
4505,panalam,1
4506,spjanuary,1
4507,fortune,1
4508,upon,1
4509,allday,1
4510,showr,1
4511,mquiz,1
4512,contribute,1
4513,tellmiss,1
4514,audiitions,1
4515,snappy,1
4516,mapquest,1
4517,exorcism,1
4518,emily,1
4519,dehydrated,1
4520,oblivious,1
4521,emotion,1
4522,julianaland,1
4523,prayrs,1
4524,othrwise,1
4525,ujhhhhhhh,1
4526,sandiago,1
4527,parantella,1
4528,hugging,1
4529,ffffuuuuuuu,1
4530,dom,1
4531,denying,1
4532,laready,1
4533,flavour,1
4534,grasp,1
4535,sweater,1
4536,mango,1
4537,belong,1
4538,involved,1
4539,landmark,1
4540,bob,1
4541,dogwood,1
4542,jaz,1
4543,tiny,1
4544,visa,1
4545,travelling,1
4546,smsing,1
4547,inmind,1
4548,wenwecan,1
4549,recreation,1
4550,wannatell,1
4551,talkbut,1
4552,judgemental,1
4553,culdnt,1
4554,sozi,1
4555,gucci,1
4556,stunning,1
4557,archive,1
4558,waheeda,1
4559,bot,1
4560,eventually,1
4561,tolerance,1
4562,hellogorgeous,1
4563,behalf,1
4564,mg,1
4565,nitw,1
4566,texd,1
4567,hopeu,1
4568,ward,1
4569,gamb,1
4570,barry,1
4571,relocate,1
4572,treasure,1
4573,recpt,1
4574,hmmmm,1
4575,baaaaaaaabe,1
4576,ignoring,1
4577,bevy,1
4578,shola,1
4579,fancied,1
4580,sagamu,1
4581,lautech,1
4582,skint,1
4583,stressful,1
4584,immed,1
4585,extract,1
4586,internal,1
4587,adp,1
4588,headset,1
4589,overemphasise,1
4590,sens,1
4591,vital,1
4592,conversation,1
4593,completes,1
4594,surf,1
4595,command,1
4596,browser,1
4597,education,1
4598,christmassy,1
4599,snowboarding,1
4600,crowd,1
4601,wudn,1
4602,floppy,1
4603,mro,1
4604,li,1
4605,route,1
4606,cupboard,1
4607,frequently,1
4608,consent,1
4609,tonexs,1
4610,positive,1
4611,renewed,1
4612,clubzed,1
4613,billing,1
4614,promoting,1
4615,quitting,1
4616,comfey,1
4617,holby,1
4618,watchng,1
4619,othrs,1
4620,mathews,1
4621,waz,1
4622,tait,1
4623,anderson,1
4624,haunt,1
4625,negative,1
4626,efficient,1
4627,erutupalam,1
4628,thandiyachu,1
4629,invention,1
4630,avenue,1
4631,parish,1
4632,string,1
4633,magazine,1
4634,billy,1
4635,guessed,1
4636,thanku,1
4637,mph,1
4638,nottingham,1
4639,awww,1
4640,allows,1
4641,cooperative,1
4642,adjustable,1
4643,useless,1
4644,loo,1
4645,boob,1
4646,graduated,1
4647,ed,1
4648,roomate,1
4649,wining,1
4650,revealing,1
4651,decorating,1
4652,algebra,1
4653,linear,1
4654,grumble,1
4655,woodland,1
4656,ea,1
4657,chick,1
4658,kit,1
4659,dirtiest,1
4660,sexiest,1
4661,pocked,1
4662,motivating,1
4663,brison,1
4664,spelled,1
4665,cap,1
4666,brisk,1
4667,bullshit,1
4668,motherfucker,1
4669,beside,1
4670,cop,1
4671,masked,1
4672,hu,1
4673,navigate,1
4674,choosing,1
4675,ig,1
4676,oja,1
4677,thesmszone,1
4678,require,1
4679,anonymous,1
4680,bong,1
4681,guidance,1
4682,otbox,1
4683,sparkling,1
4684,swollen,1
4685,gland,1
4686,watr,1
4687,khelate,1
4688,lemon,1
4689,syd,1
4690,toking,1
4691,ger,1
4692,repeating,1
4693,lecturer,1
4694,undrstnd,1
4695,problms,1
4696,litre,1
4697,definitly,1
4698,org,1
4699,kintu,1
4700,gyno,1
4701,disease,1
4702,valuing,1
4703,snd,1
4704,somone,1
4705,unrecognized,1
4706,lavender,1
4707,manky,1
4708,scouse,1
4709,nevr,1
4710,lyric,1
4711,tulsi,1
4712,opponenter,1
4713,cfca,1
4714,havn,1
4715,posting,1
4716,rhode,1
4717,norcorp,1
4718,proze,1
4719,bcaz,1
4720,stu,1
4721,truble,1
4722,evone,1
4723,parade,1
4724,view,1
4725,dual,1
4726,canceled,1
4727,yeovil,1
4728,tmw,1
4729,warwick,1
4730,shortbreaks,1
4731,hostile,1
4732,haircut,1
4733,looovvve,1
4734,motor,1
4735,breezy,1
4736,fried,1
4737,lage,1
4738,dhorte,1
4739,burden,1
4740,kath,1
4741,swat,1
4742,weirdy,1
4743,strtd,1
4744,throwin,1
4745,north,1
4746,increase,1
4747,mobstorequiz,1
4748,physic,1
4749,praveesh,1
4750,delicious,1
4751,gsex,1
4752,salad,1
4753,whore,1
4754,twinks,1
4755,scallies,1
4756,skin,1
4757,jock,1
4758,flood,1
4759,bead,1
4760,thou,1
4761,wishlist,1
4762,nitro,1
4763,sold,1
4764,creative,1
4765,manageable,1
4766,photoshop,1
4767,reffering,1
4768,sack,1
4769,fishrman,1
4770,carolina,1
4771,servs,1
4772,poo,1
4773,mouse,1
4774,gloucesterroad,1
4775,psp,1
4776,bailiff,1
4777,weapon,1
4778,uup,1
4779,ouch,1
4780,powerful,1
4781,breathing,1
4782,forgiveness,1
4783,fruit,1
4784,dreading,1
4785,inclu,1
4786,chatlines,1
4787,glo,1
4788,wlcome,1
4789,bomb,1
4790,spacebucks,1
4791,timi,1
4792,gre,1
4793,texas,1
4794,squeezed,1
4795,maintaining,1
4796,getiing,1
4797,restrict,1
4798,pass,1
4799,theme,1
4800,bunch,1
4801,lotto,1
4802,authorise,1
4803,gimmi,1
4804,ystrday,1
4805,chile,1
4806,subletting,1
4807,ammae,1
4808,loosing,1
4809,steering,1
4810,rounder,1
4811,required,1
4812,lambu,1
4813,ji,1
4814,batchlor,1
4815,zoom,1
4816,cncl,1
4817,predicte,1
4818,stopcs,1
4819,brb,1
4820,punishment,1
4821,poorly,1
4822,oga,1
4823,aa,1
4824,ecef,1
4825,spot,1
4826,yuou,1
4827,tantrum,1
4828,admission,1
4829,chief,1
4830,rat,1
4831,adventuring,1
4832,maat,1
4833,shah,1
4834,phrase,1
4835,greece,1
4836,persian,1
4837,chess,1
4838,forgt,1
4839,checkmate,1
4840,ajith,1
4841,smaller,1
4842,recorded,1
4843,someday,1
4844,grandfather,1
4845,defer,1
4846,fgkslpo,1
4847,fgkslpopw,1
4848,netun,1
4849,november,1
4850,shsex,1
4851,compliment,1
4852,capacity,1
4853,lovly,1
4854,pause,1
4855,victoria,1
4856,jump,1
4857,ou,1
4858,showered,1
4859,tallahassee,1
4860,ything,1
4861,wrenching,1
4862,gut,1
4863,dept,1
4864,barring,1
4865,us,1
4866,beating,1
4867,device,1
4868,lubly,1
4869,specify,1
4870,domain,1
4871,nusstu,1
4872,bari,1
4873,hudgi,1
4874,chastity,1
4875,spiritual,1
4876,yorge,1
4877,pataistha,1
4878,ertini,1
4879,exposed,1
4880,gynae,1
4881,abdomen,1
4882,lobby,1
4883,advising,1
4884,bsn,1
4885,alot,1
4886,farrell,1
4887,kane,1
4888,influx,1
4889,slacking,1
4890,merely,1
4891,relationship,1
4892,wherevr,1
4893,mentor,1
4894,gudnyt,1
4895,plum,1
4896,smack,1
4897,erotic,1
4898,soc,1
4899,colin,1
4900,formatting,1
4901,ecstacy,1
4902,fold,1
4903,attracts,1
4904,promotion,1
4905,ritten,1
4906,nr,1
4907,taka,1
4908,lancaster,1
4909,sudden,1
4910,hasbro,1
4911,hoop,1
4912,customercare,1
4913,ummifying,1
4914,wrd,1
4915,wthout,1
4916,takecare,1
4917,univ,1
4918,dip,1
4919,raja,1
4920,burrito,1
4921,joker,1
4922,decent,1
4923,cruel,1
4924,qet,1
4925,terror,1
4926,stitch,1
4927,helping,1
4928,swashbuckling,1
4929,trouser,1
4930,couch,1
4931,cheetos,1
4932,loooooool,1
4933,lit,1
4934,synced,1
4935,leading,1
4936,clas,1
4937,shangela,1
4938,desk,1
4939,irritated,1
4940,espe,1
4941,childporn,1
4942,jacuzzi,1
4943,coincidence,1
4944,antibiotic,1
4945,happiest,1
4946,hmmross,1
4947,associate,1
4948,lyricalladie,1
4949,rip,1
4950,cribbs,1
4951,gek,1
4952,belt,1
4953,uterus,1
4954,txtstar,1
4955,wth,1
4956,uve,1
4957,wildest,1
4958,aldrine,1
4959,hat,1
4960,jumper,1
4961,rtm,1
4962,unhappiness,1
4963,necesity,1
4964,witout,1
4965,colleg,1
4966,sane,1
4967,limping,1
4968,ooooooh,1
4969,ff,1
4970,olave,1
4971,essay,1
4972,tram,1
4973,vic,1
4974,coherently,1
4975,triple,1
4976,echo,1
4977,gran,1
4978,onlyfound,1
4979,afew,1
4980,cusoon,1
4981,termsapply,1
4982,activ,1
4983,golf,1
4984,honi,1
4985,rayman,1
4986,tasts,1
4987,peach,1
4988,clearer,1
4989,southern,1
4990,misfit,1
4991,rayan,1
4992,macleran,1
4993,barrel,1
4994,syrup,1
4995,scraped,1
4996,young,1
4997,nose,1
4998,thousad,1
4999,appendix,1
5000,ceri,1
5001,rebel,1
5002,ash,1
5003,〨ud,1
5004,rocking,1
5005,dreamz,1
5006,brolly,1
5007,nationwide,1
5008,newport,1
5009,juliana,1
5010,nacho,1
5011,referin,1
5012,prometazine,1
5013,dizzamn,1
5014,suitemates,1
5015,nimbomsons,1
5016,phonebook,1
5017,continent,1
5018,shindig,1
5019,emerging,1
5020,fiend,1
5021,impede,1
5022,hesitant,1
5023,franxx,1
5024,healthy,1
5025,mandara,1
5026,fired,1
5027,reassuring,1
5028,sometext,1
5029,freinds,1
5030,imat,1
5031,uttered,1
5032,boundary,1
5033,trusting,1
5034,noice,1
5035,esaplanade,1
5036,accessible,1
5037,occurs,1
5038,singapore,1
5039,soz,1
5040,out,1
5041,enna,1
5042,kalaachutaarama,1
5043,robinson,1
5044,genus,1
5045,contains,1
5046,identification,1
5047,coco,1
5048,sporadically,1
5049,ldns,1
5050,persolvo,1
5051,fizz,1
5052,appy,1
5053,chloe,1
5054,iyo,1
5055,heltini,1
5056,mmmmmmm,1
5057,trishul,1
5058,woo,1
5059,whisper,1
5060,hoo,1
5061,panty,1
5062,thout,1
5063,contented,1
5064,snuggle,1
5065,flatter,1
5066,pint,1
5067,carlin,1
5068,feed,1
5069,yalrigu,1
5070,ciao,1
5071,endless,1
5072,starve,1
5073,surly,1
5074,impression,1
5075,motivate,1
5076,darkness,1
5077,bw,1
5078,iriver,1
5079,wknd,1
5080,wewa,1
5081,asssssholeeee,1
5082,saibaba,1
5083,colany,1
5084,鈥,1
5085,renting,1
5086,nicky,1
5087,miwa,1
5088,bffs,1
5089,gumby,1
5090,alto,1
5091,carly,1
5092,sized,1
5093,tarpon,1
5094,mina,1
5095,cab,1
5096,disappointment,1
5097,complacent,1
5098,limited,1
5099,hf,1
5100,radiator,1
5101,gailxx,1
5102,proper,1
5103,tongued,1
5104,qi,1
5105,lotz,1
5106,suddenly,1
5107,lonlines,1
5108,built,1
5109,flurry,1
5110,agency,1
5111,opposite,1
5112,heavily,1
5113,santacalling,1
5114,jul,1
5115,xafter,1
5116,quarter,1
5117,cst,1
5118,yoville,1
5119,chg,1
5120,pure,1
5121,hearted,1
5122,smiley,1
5123,gail,1
5124,yaxxx,1
5125,theoretically,1
5126,patrick,1
5127,hooked,1
5128,formally,1
5129,asda,1
5130,multimedia,1
5131,officer,1
5132,vague,1
5133,irritation,1
5134,accounting,1
5135,delayed,1
5136,housing,1
5137,swayze,1
5138,whens,1
5139,assistance,1
5140,providing,1
5141,akon,1
5142,nightnight,1
5143,possibility,1
5144,grooved,1
5145,mising,1
5146,secured,1
5147,eyed,1
5148,seperated,1
5149,unsecured,1
5150,lanre,1
5151,fakeye,1
5152,eckankar,1
5153,dodgey,1
5154,barkley,1
5155,axel,1
5156,orh,1
5157,realising,1
5158,chic,1
5159,woah,1
5160,ovulate,1
5161,seing,1
5162,vinobanagar,1
5163,dvg,1
5164,offense,1
5165,shijutta,1
5166,borderline,1
5167,gnarl,1
5168,pleasured,1
5169,so,1
5170,pushbutton,1
5171,president,1
5172,dontcha,1
5173,babygoodbye,1
5174,golddigger,1
5175,webeburnin,1
5176,perform,1
5177,rebooting,1
5178,nigh,1
5179,nooooooo,1
5180,cable,1
5181,playin,1
5182,declare,1
5183,guoyang,1
5184,rahul,1
5185,dengra,1
5186,continued,1
5187,antelope,1
5188,toplay,1
5189,stressfull,1
5190,fieldof,1
5191,selfindependence,1
5192,contention,1
5193,canteen,1
5194,abuse,1
5195,ext,1
5196,summon,1
5197,carpark,1
5198,cougar,1
5199,scratch,1
5200,shitin,1
5201,defo,1
5202,hardest,1
5203,lekdog,1
5204,atten,1
5205,data,1
5206,analysis,1
5207,belligerent,1
5208,rudi,1
5209,snoring,1
5210,ink,1
5211,throwing,1
5212,finalise,1
5213,flirtparty,1
5214,lul,1
5215,nurse,1
5216,shes,1
5217,obese,1
5218,oyea,1
5219,ami,1
5220,parchi,1
5221,kicchu,1
5222,kaaj,1
5223,korte,1
5224,iccha,1
5225,souveniers,1
5226,fond,1
5227,coaxing,1
5228,doublemins,1
5229,ere,1
5230,cres,1
5231,èn,1
5232,relaxing,1
5233,stripe,1
5234,skirt,1
5235,escalator,1
5236,beth,1
5237,charlie,1
5238,syllabus,1
5239,panasonic,1
5240,bluetoothhdset,1
5241,doubletxt,1
5242,glorious,1
5243,poyyarikatur,1
5244,kolathupalayam,1
5245,unjalur,1
5246,erode,1
5247,apt,1
5248,meat,1
5249,supreme,1
5250,cudnt,1
5251,ctla,1
5252,ente,1
5253,ishtamayoo,1
5254,bakrid,1
5255,korche,1
5256,tul,1
5257,sculpture,1
5258,peep,1
5259,cheyyamo,1
5260,tau,1
5261,piah,1
5262,stchoice,1
5263,shade,1
5264,copied,1
5265,notified,1
5266,marketing,1
5267,sexual,1
5268,sitter,1
5269,kaitlyn,1
5270,danger,1
5271,comment,1
5272,chatter,1
5273,veggie,1
5274,computerless,1
5275,balloon,1
5276,melody,1
5277,hme,1
5278,velachery,1
5279,flippin,1
5280,breaking,1
5281,cstore,1
5282,hangin,1
5283,lodge,1
5284,worrying,1
5285,rcd,1
5286,swap,1
5287,surya,1
5288,tax,1
5289,pokkiri,1
5290,attraction,1
5291,proove,1
5292,praise,1
5293,makiing,1
5294,sambar,1
5295,ndship,1
5296,needle,1
5297,conected,1
5298,spatula,1
5299,complexity,1
5300,freely,1
5301,outrageous,1
5302,evaluation,1
5303,ryder,1
5304,elvis,1
5305,presley,1
5306,postal,1
5307,wrking,1
5308,sittin,1
5309,hen,1
5310,smoked,1
5311,teju,1
5312,hourish,1
5313,amla,1
5314,convenience,1
5315,irene,1
5316,eightish,1
5317,establish,1
5318,notebook,1
5319,shakespeare,1
5320,doit,1
5321,mymoby,1
5322,woul,1
5323,curfew,1
5324,gibe,1
5325,getsleep,1
5326,studdying,1
5327,yoyyooo,1
5328,mike,1
5329,hussey,1
5330,faglord,1
5331,nutter,1
5332,cutter,1
5333,ctter,1
5334,cttergg,1
5335,cttargg,1
5336,ctargg,1
5337,ctagg,1
5338,ie,1
5339,thus,1
5340,grateful,1
5341,happier,1
5342,experiment,1
5343,invoice,1
5344,tobacco,1
5345,assumed,1
5346,atleast,1
5347,hole,1
5348,philosophical,1
5349,urfeeling,1
5350,rvx,1
5351,comprehensive,1
5352,prashanthettan,1
5353,samantha,1
5354,guitar,1
5355,impress,1
5356,doug,1
5357,realizes,1
5358,trauma,1
5359,swear,1
5360,inner,1
5361,tigress,1
5362,bettersn,1
5363,dob,1
5364,probthat,1
5365,overdose,1
5366,ana,1
5367,sathy,1
5368,rto,1
5369,corvette,1
5370,bunker,1
5371,posh,1
5372,chap,1
5373,trial,1
5374,prod,1
5375,champneys,1
5376,lastest,1
5377,stereophonics,1
5378,marley,1
5379,shb,1
5380,pocket,1
5381,theyre,1
5382,folk,1
5383,sorta,1
5384,blown,1
5385,sophas,1
5386,secondary,1
5387,applying,1
5388,ogunrinde,1
5389,lodging,1
5390,chk,1
5391,dict,1
5392,retired,1
5393,paypal,1
5394,natwest,1
5395,chad,1
5396,gymnastics,1
5397,christian,1
5398,token,1
5399,liking,1
5400,aptitude,1
5401,horse,1
5402,wrongly,1
5403,boggy,1
5404,biatch,1
5405,hesitate,1
5406,voila,1
5407,writhing,1
5408,dizzee,1
5409,blogging,1
5410,racal,1
5411,libertine,1
5412,stroke,1
5413,nookii,1
5414,bookmark,1
5415,grinule,1
5416,fudge,1
5417,zaher,1
5418,nauseous,1
5419,dieting,1
5420,avalarr,1
5421,hollalater,1
5422,magicalsongs,1
5423,stuffed,1
5424,blogspot,1
5425,kvb,1
5426,ppt,1
5427,jy,1
5428,alternative,1
5429,ore,1
5430,owo,1
5431,fro,1
5432,samus,1
5433,shoulder,1
5434,matthew,1
5435,vomitin,1
5436,thin,1
5437,fed,1
5438,himso,1
5439,semi,1
5440,loser,1
5441,beta,1
5442,noncomittal,1
5443,snickering,1
5444,chord,1
5445,boyf,1
5446,interviw,1
5447,spreadsheet,1
5448,determine,1
5449,entire,1
5450,dartboard,1
5451,treble,1
5452,recognises,1
5453,wisheds,1
5454,intrepid,1
5455,duo,1
5456,breeze,1
5457,fresh,1
5458,twittering,1
5459,ducking,1
5460,chinchilla,1
5461,headstart,1
5462,rummer,1
5463,flying,1
5464,optin,1
5465,bbc,1
5466,rajini,1
5467,detailed,1
5468,papa,1
5469,recharged,1
5470,panicks,1
5471,youuuuu,1
5472,convince,1
5473,witot,1
5474,becz,1
5475,undrstndng,1
5476,avoids,1
5477,suffer,1
5478,steamboat,1
5479,forgive,1
5480,tp,1
5481,bbq,1
5482,everyso,1
5483,nick,1
5484,aust,1
5485,auntie,1
5486,huai,1
5487,appear,1
5488,thirunelvali,1
5489,tackle,1
5490,tonght,1
5491,ploughing,1
5492,pile,1
5493,ironing,1
5494,chinky,1
5495,wi,1
5496,nz,1
5497,matched,1
5498,spy,1
5499,offering,1
5500,employee,1
5501,sayy,1
5502,leanne,1
5503,disc,1
5504,champ,1
5505,glasgow,1
5506,lovin,1
5507,install,1
5508,browse,1
5509,artist,1
5510,corect,1
5511,speling,1
5512,ct,1
5513,nike,1
5514,linux,1
5515,sooo,1
5516,shouting,1
5517,dang,1
5518,earliest,1
5519,nordstrom,1
5520,conference,1
5521,bleak,1
5522,shant,1
5523,nearer,1
5524,raiden,1
5525,tote,1
5526,pierre,1
5527,converter,1
5528,idp,1
5529,yalru,1
5530,cumin,1
5531,astne,1
5532,innu,1
5533,mundhe,1
5534,halla,1
5535,bilo,1
5536,edhae,1
5537,ovr,1
5538,vargu,1
5539,prone,1
5540,llc,1
5541,usa,1
5542,meetins,1
5543,dose,1
5544,based,1
5545,incomm,1
5546,tiring,1
5547,concentrating,1
5548,browsin,1
5549,compulsory,1
5550,investigate,1
5551,vitamin,1
5552,crucial,1
5553,leadership,1
5554,skill,1
5555,psychic,1
5556,host,1
5557,baaaaabe,1
5558,gnun,1
5559,compass,1
5560,shun,1
5561,nhite,1
5562,ro,1
5563,relieved,1
5564,westonzoyland,1
5565,greatness,1
5566,mc,1
5567,ava,1
5568,goodtime,1
5569,oli,1
5570,melnite,1
5571,ifink,1
5572,everythin,1
5573,bian,1
5574,basq,1
5575,glass,1
5576,exhibition,1
5577,el,1
5578,nino,1
5579,downstem,1
5580,wahala,1
5581,inperialmusic,1
5582,leafcutter,1
5583,insect,1
5584,molested,1
5585,plumbing,1
5586,remixed,1
5587,ihave,1
5588,drum,1
5589,acid,1
5590,betta,1
5591,exp,1
5592,apr,1
5593,maaaan,1
5594,guessin,1
5595,ilol,1
5596,personally,1
5597,wuldnt,1
5598,lunchtime,1
5599,organise,1
5600,passable,1
5601,phd,1
5602,prakesh,1
5603,aging,1
5604,dancce,1
5605,product,1
5606,accommodation,1
5607,global,1
5608,phb,1
5609,submitting,1
5610,snatch,1
5611,drivby,1
5612,edrunk,1
5613,iff,1
5614,pthis,1
5615,senrd,1
5616,dnot,1
5617,evil,1
5618,didntgive,1
5619,tiempo,1
5620,sang,1
5621,girlie,1
5622,darker,1
5623,styling,1
5624,gray,1
5625,listn,1
5626,watevr,1
5627,minus,1
5628,paragraph,1
5629,coveragd,1
5630,vasai,1
5631,retard,1
5632,bathroom,1
5633,uptown,1
5634,spirit,1
5635,icic,1
5636,syria,1
5637,gauge,1
5638,completing,1
5639,ax,1
5640,surgical,1
5641,emergency,1
5642,unfolds,1
5643,korean,1
5644,fredericksburg,1
5645,que,1
5646,buen,1
5647,shattered,1
5648,musicnews,1
5649,bellearlier,1
5650,publish,1
5651,bedbut,1
5652,thepub,1
5653,uwana,1
5654,jenxxx,1
5655,cheery,1
5656,weirdo,1
5657,stalk,1
5658,pax,1
5659,deposit,1
5660,jap,1
5661,disappeared,1
5662,certificate,1
5663,wheellock,1
5664,videosounds,1
5665,destination,1
5666,fifty,1
5667,settling,1
5668,happenin,1
5669,cocksucker,1
5670,ipads,1
5671,worthless,1
5672,novelty,1
5673,janx,1
5674,designation,1
5675,developer,1
5676,videosound,1
5677,rv,1
5678,burial,1
5679,turned,1
5680,foundurself,1
5681,edukkukayee,1
5682,raksha,1
5683,ollu,1
5684,resend,1
5685,thfeb,1
5686,gurl,1
5687,appropriate,1
5688,diesel,1
5689,fridge,1
5690,womdarfull,1
5691,rodds,1
5692,aberdeen,1
5693,united,1
5694,kingdom,1
5695,img,1
5696,icmb,1
5697,cktz,1
5698,remb,1
5699,jos,1
5700,bookshelf,1
5701,winnersclub,1
5702,mylife,1
5703,gon,1
5704,guild,1
5705,evaporated,1
5706,stealing,1
5707,employer,1
5708,varunnathu,1
5709,cruisin,1
5710,ahold,1
5711,sportsx,1
5712,disk,1
5713,scenery,1
5714,flyng,1
5715,aries,1
5716,elama,1
5717,mudyadhu,1
5718,strict,1
5719,gandhipuram,1
5720,rubber,1
5721,thirtyeight,1
5722,hearing,1
5723,pleassssssseeeeee,1
5724,baig,1
5725,gdeve,1
5726,ups,1
5727,usps,1
5728,bribe,1
5729,nipost,1
5730,luton,1
5731,sometme,1
5732,evo,1
5733,narcotic,1
5734,objection,1
5735,rob,1
5736,mack,1
5737,theater,1
5738,daaaaa,1
5739,wined,1
5740,dined,1
5741,okies,1
5742,wallet,1
5743,owl,1
5744,buffet,1
5745,kickboxing,1
5746,lap,1
5747,performance,1
5748,calculated,1
5749,wahleykkum,1
5750,stoner,1
5751,disastrous,1
5752,busetop,1
5753,iron,1
5754,wendy,1
5755,prabu,1
5756,sentiment,1
5757,rowdy,1
5758,attitude,1
5759,attractive,1
5760,urination,1
5761,hillsborough,1
5762,shoul,1
5763,hasnt,1
5764,werethe,1
5765,monkeespeople,1
5766,monkeyaround,1
5767,howdy,1
5768,followin,1
5769,verifying,1
5770,hiding,1
5771,aig,1
5772,huiming,1
5773,prestige,1
5774,shag,1
5775,sextextuk,1
5776,xxuk,1
5777,jeremiah,1
5778,iphone,1
5779,apeshit,1
5780,safely,1
5781,onam,1
5782,sirji,1
5783,tata,1
5784,andrew,1
5785,becaus,1
5786,db,1
5787,dawn,1
5788,refreshed,1
5789,rp,1
5790,regalportfolio,1
5791,uniform,1
5792,spoil,1
5793,lindsay,1
5794,heron,1
5795,payasam,1
5796,rinu,1
5797,taught,1
5798,ubandu,1
5799,prediction,1
5800,refund,1
5801,incorrect,1
5802,immunisation,1
5803,stubborn,1
5804,thinked,1
5805,smarter,1
5806,crashing,1
5807,accomodations,1
5808,cave,1
5809,offered,1
5810,embarassing,1
5811,jersey,1
5812,devil,1
5813,wing,1
5814,mallika,1
5815,endowed,1
5816,sherawat,1
5817,gauti,1
5818,sehwag,1
5819,seeker,1
5820,barbie,1
5821,ken,1
5822,performed,1
5823,operate,1
5824,multis,1
5825,factory,1
5826,casualty,1
5827,includes,1
5828,hep,1
5829,rodger,1
5830,beforehand,1
5831,forced,1
5832,chgs,1
5833,patent,1
5834,cried,1
5835,breather,1
5836,granted,1
5837,fulfil,1
5838,qjkgighjjgcbl,1
5839,gota,1
5840,macedonia,1
5841,ú,1
5842,poboxox,1
5843,ffffffffff,1
5844,packing,1
5845,steed,1
5846,ahhh,1
5847,vaguely,1
5848,apologetic,1
5849,fallen,1
5850,actin,1
5851,spoilt,1
5852,badly,1
5853,fainting,1
5854,housework,1
5855,cuppa,1
5856,watt,1
5857,arabian,1
5858,hairdresser,1
5859,am,1
5860,dogg,1
5861,axis,1
5862,hail,1
5863,mist,1
5864,aaooooright,1
5865,annoncement,1
5866,envy,1
5867,excited,1
5868,bangbabes,1
5869,bangb,1
5870,culture,1
5871,missunderstding,1
5872,bridge,1
5873,lager,1
5874,surname,1
5875,chore,1
5876,clue,1
5877,lifted,1
5878,approach,1
5879,handsome,1
5880,finding,1
5881,areyouunique,1
5882,league,1
5883,or,1
5884,stool,1
5885,babyjontet,1
5886,enc,1
5887,alter,1
5888,exist,1
5889,dirt,1
5890,signin,1
5891,sao,1
5892,memorable,1
5893,minecraft,1
5894,server,1
5895,grumpy,1
5896,lying,1
5897,plural,1
5898,openin,1
5899,formal,1
5900,ratio,1
5901,wr,1
5902,pair,1
5903,malarky,1
5904,predict,1
5905,typical,1
5906,involve,1
5907,imposed,1
5908,lucyxx,1
5909,tmorrow,1
5910,accomodate,1
5911,gravel,1
5912,hotmail,1
5913,svc,1
5914,nver,1
5915,ummma,1
5916,sindu,1
5917,nevering,1
5918,howu,1
5919,jobyet,1
5920,yourinclusive,1
5921,sausage,1
5922,prevent,1
5923,dehydration,1
5924,fluid,1
5925,trek,1
5926,harri,1
5927,gage,1
5928,deck,1
5929,cnupdates,1
5930,newsletter,1
5931,shitstorm,1
5932,attributed,1
5933,sth,1
5934,spec,1
5935,macha,1
5936,mindset,1
5937,wondar,1
5938,flim,1
5939,jelly,1
5940,scrumptious,1
5941,dao,1
5942,jide,1
5943,visiting,1
5944,alertfrom,1
5945,jeri,1
5946,stewartsize,1
5947,kbsubject,1
5948,prescripiton,1
5949,corporation,1
5950,entrepreneur,1
5951,engaged,1
5952,kalstiya,1
5953,braved,1
5954,triumphed,1
5955,uncomfortable,1
5956,sonetimes,1
5957,rough,1
5958,cloud,1
5959,wikipedia,1
5960,repent,1
5961,kama,1
5962,sutra,1
5963,nange,1
5964,bakra,1
5965,lakh,1
5966,tmorow,1
5967,ditto,1
5968,wetherspoons,1
5969,piggy,1
5970,freaky,1
5971,scrappy,1
5972,sdryb,1
5973,lapdancer,1
5974,ppmsg,1
5975,imprtant,1
5976,tomorw,1
5977,cherthala,1
5978,bfore,1
5979,drvgsto,1
5980,steak,1
5981,neglect,1
5982,boooo,1
5983,weighed,1
5984,woohoo,1
5985,uncountable,1
5986,thmarch,1
5987,availa,1
5988,whereare,1
5989,friendsare,1
5990,thekingshead,1
5991,canlove,1
5992,jx,1
5993,dled,1
5994,smokin,1
5995,yowifes,1
5996,dogbreath,1
5997,outbid,1
5998,simonwatson,1
5999,shinco,1
6000,plyr,1
6001,smsrewards,1
6002,notification,1
6003,youi,1
6004,yourjob,1
6005,llspeak,1
6006,soonlots,1
6007,starshine,1
6008,smsservices,1
6009,sounding,1
6010,fondly,1
6011,prayer,1
6012,mobypobox,1
6013,realised,1
6014,wahay,1
6015,gaze,1
6016,tattoo,1
6017,caveboy,1
6018,vibrate,1
6019,hungover,1
6020,unclaimed,1
6021,closingdate,1
6022,claimcode,1
6023,pmmorefrommobile,1
6024,bremoved,1
6025,gua,1
6026,tune,1
6027,faber,1
6028,dramatic,1
6029,hunting,1
6030,drunkard,1
6031,idc,1
6032,weaseling,1
6033,trash,1
6034,punish,1
6035,beerage,1
6036,randomlly,1
6037,spelling,1
6038,toppoly,1
6039,allo,1
6040,brighten,1
6041,restock,1
6042,abnormally,1
6043,westshore,1
6044,significance,1
6045,ammo,1
6046,ak,1
6047,boltblue,1
6048,jamz,1
6049,toxic,1
6050,topped,1
6051,bubbletext,1
6052,tgxxrz,1
6053,problematic,1
6054,unconscious,1
6055,recieve,1
6056,nuerologist,1
6057,teletext,1
6058,faggot,1
6059,ban,1
6060,button,1
6061,applausestore,1
6062,monthlysubscription,1
6063,csc,1
6064,famous,1
6065,unconditionally,1
6066,temper,1
6067,oclock,1
6068,bash,1
6069,lolnice,1
6070,reache,1
6071,invitation,1
6072,slippery,1
6073,blimey,1
6074,exercise,1
6075,concentration,1
6076,hank,1
6077,lotsly,1
6078,optimistic,1
6079,consistently,1
6080,practicum,1
6081,wavering,1
6082,heal,1
6083,upgrdcentre,1
6084,oral,1
6085,bike,1
6086,jackson,1
6087,okmail,1
6088,enters,1
6089,machi,1
6090,mcr,1
6091,jaykwon,1
6092,thuglyfe,1
6093,falconerf,1
6094,faded,1
6095,glory,1
6096,ralphs,1
6097,reunion,1
6098,accenture,1
6099,cooped,1
6100,weddin,1
6101,fetching,1
6102,ocean,1
6103,textand,1
6104,jjc,1
6105,tendency,1
6106,meive,1
6107,gotany,1
6108,srsly,1
6109,yi,1
6110,prix,1
6111,nitz,1
6112,blastin,1
6113,occur,1
6114,rajnikant,1
6115,xclusive,1
6116,frnt,1
6117,clubsaisai,1
6118,speciale,1
6119,zouk,1
6120,bridgwater,1
6121,banter,1
6122,dependent,1
6123,cer,1
6124,handsomes,1
6125,dismay,1
6126,concerned,1
6127,tootsie,1
6128,seventeen,1
6129,sayin,1
6130,unfortuntly,1
6131,alibi,1
6132,uv,1
6133,sink,1
6134,pace,1
6135,cage,1
6136,surrounded,1
6137,cuck,1
6138,deficient,1
6139,acknowledgement,1
6140,astoundingly,1
6141,tactless,1
6142,oath,1
6143,magic,1
6144,silly,1
6145,mutation,1
6146,walkin,1
6147,sunscreen,1
6148,thesedays,1
6149,bao,1
6150,sugardad,1
6151,ninish,1
6152,icky,1
6153,freek,1
6154,ridden,1
6155,missy,1
6156,goggles,1
6157,arguing,1
6158,arngd,1
6159,cardin,1
6160,truro,1
6161,slaaaaave,1
6162,imagination,1
6163,pleasant,1
6164,bognor,1
6165,splendid,1
6166,ktv,1
6167,misplaced,1
6168,begun,1
6169,registration,1
6170,permanent,1
6171,residency,1
6172,predicting,1
6173,accumulation,1
6174,belongs,1
6175,fated,1
6176,shoranur,1
6177,fuelled,1
6178,concern,1
6179,prior,1
6180,grief,1
6181,honestly,1
6182,promptly,1
6183,burnt,1
6184,snap,1
6185,quizclub,1
6186,rwm,1
6187,gmw,1
6188,connected,1
6189,someplace,1
6190,prop,1
6191,citylink,1
6192,arrival,1
6193,struggling,1
6194,jenne,1
6195,easiest,1
6196,barcelona,1
6197,sppok,1
6198,complementary,1
6199,pansy,1
6200,jungle,1
6201,kanji,1
6202,sr,1
6203,drizzling,1
6204,excused,1
6205,drama,1
6206,ego,1
6207,sq,1
6208,necessity,1
6209,reppurcussions,1
6210,cosign,1
6211,hvae,1
6212,hcl,1
6213,requires,1
6214,fresher,1
6215,suman,1
6216,telephonic,1
6217,reliant,1
6218,fwiw,1
6219,afford,1
6220,pressies,1
6221,ultimately,1
6222,tor,1
6223,lacking,1
6224,dabooks,1
6225,eachother,1
6226,luckily,1
6227,starring,1
6228,restocked,1
6229,tkls,1
6230,stoptxtstop,1
6231,smoothly,1
6232,challenging,1
6233,breakfast,1
6234,hamper,1
6235,unni,1
6236,particular,1
6237,squid,1
6238,dramastorm,1
6239,forfeit,1
6240,digi,1
6241,coupla,1
6242,sundayish,1
6243,prasad,1
6244,rcb,1
6245,kochi,1
6246,checkup,1
6247,smear,1
6248,gobi,1
6249,technology,1
6250,dosomething,1
6251,arestaurant,1
6252,motive,1
6253,aspect,1
6254,tui,1
6255,achieve,1
6256,korli,1
6257,rolled,1
6258,newscaster,1
6259,dabbles,1
6260,flute,1
6261,wheel,1
6262,keyword,1
6263,october,1
6264,elaborating,1
6265,safety,1
6266,tarot,1
6267,rimac,1
6268,horniest,1
6269,flow,1
6270,developed,1
6271,ovarian,1
6272,cyst,1
6273,shrink,1
6274,upping,1
6275,timin,1
6276,ape,1
6277,ibm,1
6278,gosh,1
6279,spose,1
6280,famamus,1
6281,poet,1
6282,cloth,1
6283,onum,1
6284,beach,1
6285,expected,1
6286,jez,1
6287,todo,1
6288,workand,1
6289,whilltake,1
6290,zogtorius,1
6291,financial,1
6292,alian,1
6293,posible,1
6294,century,1
6295,frwd,1
6296,affectionate,1
6297,restriction,1
6298,owned,1
6299,possessive,1
6300,clarification,1
6301,coimbatore,1
6302,monoc,1
6303,polyc,1
6304,stream,1
6305,category,1
6306,ethnicity,1
6307,census,1
6308,transcribing,1
6309,goodmate,1
6310,asusual,1
6311,anand,1
6312,elaya,1
6313,varaya,1
6314,prizeswith,1
6315,hype,1
6316,studio,1
6317,velly,1
6318,marking,1
6319,stoptx,1
6320,va,1
6321,hanger,1
6322,arrow,1
6323,tddnewsletter,1
6324,emc,1
6325,thedailydraw,1
6326,dozen,1
6327,significant,1
6328,reminded,1
6329,waqt,1
6330,pehle,1
6331,naseeb,1
6332,zyada,1
6333,kisi,1
6334,ko,1
6335,kuch,1
6336,milta,1
6337,hum,1
6338,sochte,1
6339,jeetey,1
6340,stalking,1
6341,cheered,1
6342,franyxxxxx,1
6343,batt,1
6344,trivia,1
6345,imf,1
6346,blocked,1
6347,corrupt,1
6348,itna,1
6349,karo,1
6350,ki,1
6351,pura,1
6352,padhe,1
6353,torrent,1
6354,particularly,1
6355,slowing,1
6356,commit,1
6357,rightio,1
6358,taxless,1
6359,brum,1
6360,scorable,1
6361,paranoid,1
6362,brin,1
6363,complain,1
6364,bettr,1
6365,bsnl,1
6366,offc,1
6367,suganya,1
6368,dessert,1
6369,abeg,1
6370,sponsor,1
6371,suply,1
6372,deposited,1
6373,becausethey,1
6374,wipe,1
6375,gained,1
6376,pressure,1
6377,doke,1
6378,laying,1
6379,neshanth,1
6380,byatch,1
6381,whassup,1
6382,cl,1
6383,filthyguys,1
6384,chiong,1
6385,dialogue,1
6386,reltnship,1
6387,pose,1
6388,asjesus,1
6389,comb,1
6390,dryer,1
6391,fps,1
6392,computational,1
6393,disturbance,1
6394,dlf,1
6395,premarica,1
6396,gotto,1
6397,err,1
6398,hitter,1
6399,offline,1
6400,anjola,1
6401,olowoyey,1
6402,argentina,1
6403,taxt,1
6404,tie,1
6405,lined,1
6406,fireplace,1
6407,icon,1
6408,fifth,1
6409,woozles,1
6410,weasel,1
6411,machine,1
6412,ignorant,1
6413,mys,1
6414,down,1
6415,fletcher,1
6416,cozy,1
6417,buzzzz,1
6418,vibrator,1
6419,shake,1
6420,trend,1
6421,con,1
6422,description,1
6423,nuclear,1
6424,fusion,1
6425,iter,1
6426,jet,1
6427,nowhere,1
6428,ikno,1
6429,doesdiscount,1
6430,shitinnit,1
6431,jabo,1
6432,loko,1
6433,liquor,1
6434,answr,1
6435,doinat,1
6436,reserved,1
6437,stopbcm,1
6438,sf,1
6439,printer,1
6440,groovy,1
6441,groovying,1
6442,harish,1
6443,transfred,1
6444,acnt,1
6445,showroom,1
6446,shaping,1
6447,attending,1
6448,callon,1
6449,xxxxxxxx,1
6450,pdate_now,1
6451,yhl,1
6452,configure,1
6453,anal,1
6454,pear,1
6455,oooooh,1
6456,resubmit,1
6457,expiry,1
6458,mint,1
6459,human,1
6460,studyn,1
6461,everyboy,1
6462,slower,1
6463,maniac,1
6464,sapna,1
6465,lifeis,1
6466,chrgd,1
6467,exit,1
6468,approaching,1
6469,sankranti,1
6470,republic,1
6471,shivratri,1
6472,ugadi,1
6473,independence,1
6474,childrens,1
6475,festival,1
6476,dasara,1
6477,rememberi,1
6478,daywith,1
6479,ew,1
6480,somewheresomeone,1
6481,tosend,1
6482,selflessness,1
6483,initiate,1
6484,tallent,1
6485,wasting,1
6486,portal,1
6487,lennon,1
6488,bothering,1
6489,fox,1
6490,frndsship,1
6491,dwn,1
6492,lingo,1
6493,riley,1
6494,manege,1
6495,non,1
6496,hogidhe,1
6497,chinnu,1
6498,swalpa,1
6499,agidhane,1
6500,footbl,1
6501,crckt,1
6502,swell,1
6503,tim,1
6504,bollox,1
6505,tol,1
6506,ingredient,1
6507,pocy,1
6508,qf,1
6509,offcampus,1
6510,senor,1
6511,giggle,1
6512,possibly,1
6513,nvq,1
6514,professional,1
6515,tiger,1
6516,wood,1
6517,grinder,1
6518,figuring,1
6519,entirely,1
6520,disconnected,1
6521,onluy,1
6522,durham,1
6523,cedar,1
6524,butting,1
6525,mission,1
6526,palm,1
6527,printing,1
6528,handing,1
6529,stated,1
6530,perpetual,1
6531,dd,1
6532,pract,1
6533,flung,1
6534,justbeen,1
6535,overa,1
6536,mush,1
6537,tunde,1
6538,aq,1
6539,signal,1
6540,avo,1
6541,crashed,1
6542,cuddled,1
6543,chachi,1
6544,pl,1
6545,tiz,1
6546,kanagu,1
6547,ringing,1
6548,houseful,1
6549,brat,1
6550,pulling,1
6551,derp,1
6552,unusual,1
6553,pump,1
6554,lipo,1
6555,mcfly,1
6556,lool,1
6557,shaking,1
6558,scarcasim,1
6559,naal,1
6560,eruku,1
6561,impressively,1
6562,sensible,1
6563,obedient,1
6564,ft,1
6565,combination,1
6566,needy,1
6567,playng,1
6568,ab,1
6569,themed,1
6570,sara,1
6571,jorge,1
6572,yupz,1
6573,ericson,1
6574,der,1
6575,luks,1
6576,modl,1
6577,cheesy,1
6578,frosty,1
6579,witin,1
6580,nnfwfly,1
6581,nudist,1
6582,abuser,1
6583,netflix,1
6584,crucify,1
6585,ambitious,1
6586,ymca,1
6587,wtc,1
6588,weiyi,1
6589,paining,1
6590,romcapspam,1
6591,presence,1
6592,outgoing,1
6593,maggi,1
6594,mee,1
6595,cough,1
6596,pooja,1
6597,sweatter,1
6598,miiiiiiissssssssss,1
6599,sleepingwith,1
6600,tunji,1
6601,misscall,1
6602,frndz,1
6603,tall,1
6604,robs,1
6605,avenge,1
6606,toss,1
6607,gudni,1
6608,dancin,1
6609,explicitly,1
6610,nora,1
6611,gayle,1
6612,finest,1
6613,crazyin,1
6614,clash,1
6615,replacing,1
6616,arr,1
6617,oscar,1
6618,rebtel,1
6619,firefox,1
6620,bcmsfwc,1
6621,impressed,1
6622,footy,1
6623,stadium,1
6624,large,1
6625,coca,1
6626,cola,1
6627,teenager,1
6628,mittelschmertz,1
6629,lasting,1
6630,paracetamol,1
6631,arrived,1
6632,cthen,1
6633,conclusion,1
6634,instant,1
6635,rugby,1
6636,affidavit,1
6637,twiggs,1
6638,courtroom,1
6639,possessiveness,1
6640,poured,1
6641,golden,1
6642,inever,1
6643,jones,1
6644,brdget,1
6645,grr,1
6646,dileep,1
6647,muchand,1
6648,venugopal,1
6649,mentioned,1
6650,remembrs,1
6651,everytime,1
6652,textbook,1
6653,algorithm,1
6654,edition,1
6655,cro,1
6656,intend,1
6657,iwas,1
6658,marine,1
6659,itried,1
6660,urmom,1
6661,careabout,1
6662,learned,1
6663,iraq,1
6664,afghanistan,1
6665,stable,1
6666,honest,1
6667,traveling,1
6668,pai,1
6669,seh,1
6670,walsall,1
6671,tue,1
6672,terry,1
6673,habba,1
6674,needing,1
6675,dhanush,1
6676,iwana,1
6677,dinero,1
6678,pe,1
6679,complaining,1
6680,mandy,1
6681,sullivan,1
6682,hotmix,1
6683,fm,1
6684,transferred,1
6685,finn,1
6686,downon,1
6687,theacusations,1
6688,itxt,1
6689,wotu,1
6690,bac,1
6691,thew,1
6692,haventcn,1
6693,nething,1
6694,dine,1
6695,conacted,1
6696,inspection,1
6697,nursery,1
6698,panren,1
6699,paru,1
6700,chuckin,1
6701,trainners,1
6702,carryin,1
6703,ccna,1
6704,shrek,1
6705,fellow,1
6706,unhappy,1
6707,tag,1
6708,bra,1
6709,strewn,1
6710,pillow,1
6711,expose,1
6712,wicked,1
6713,srt,1
6714,jontin,1
6715,banned,1
6716,biro,1
6717,shell,1
6718,unconsciously,1
6719,jog,1
6720,consensus,1
6721,lark,1
6722,extreme,1
6723,sic,1
6724,fones,1
6725,wild,1
6726,lim,1
6727,parachute,1
6728,placed,1
6729,lambda,1
6730,angel,1
6731,snowball,1
6732,ello,1
6733,entertain,1
6734,reception,1
6735,dying,1
6736,hack,1
6737,lifting,1
6738,teresa,1
6739,dec,1
6740,ld,1
6741,bam,1
6742,usmle,1
6743,squishy,1
6744,mwahs,1
6745,hottest,1
6746,prominent,1
6747,cheek,1
6748,september,1
6749,backdoor,1
6750,fedex,1
6751,fraction,1
6752,neo,1
6753,dp,1
6754,comingdown,1
6755,murali,1
6756,sts,1
6757,engalnd,1
6758,mia,1
6759,elliot,1
6760,kissing,1
6761,wv,1
6762,matric,1
6763,spain,1
6764,jon,1
6765,praps,1
6766,honeymoon,1
6767,hhahhaahahah,1
6768,nig,1
6769,leonardo,1
6770,strain,1
6771,withdraw,1
6772,anyhow,1
6773,miller,1
6774,spark,1
6775,rawring,1
6776,xoxo,1
6777,somewhr,1
6778,crush,1
6779,outfit,1
6780,chez,1
6781,cheque,1
6782,olympics,1
6783,leo,1
6784,haul,1
6785,wildlife,1
6786,worzels,1
6787,wizzle,1
6788,shanghai,1
6789,cya,1
6790,rt,1
6791,redeemable,1
6792,thnx,1
6793,jules,1
6794,venaam,1
6795,anjie,1
6796,listener,1
6797,sunroof,1
6798,blanked,1
6799,kalainar,1
6800,thenampet,1
6801,nosy,1
6802,reacting,1
6803,freaked,1
6804,satanic,1
6805,imposter,1
6806,destiny,1
6807,companion,1
6808,chef,1
6809,organizer,1
6810,pudunga,1
6811,sympathetic,1
6812,athletic,1
6813,courageous,1
6814,determined,1
6815,dependable,1
6816,psychologist,1
6817,pest,1
6818,exterminator,1
6819,psychiatrist,1
6820,healer,1
6821,stylist,1
6822,aaniye,1
6823,sef,1
6824,fring,1
6825,laurie,1
6826,tookplace,1
6827,squatting,1
6828,digit,1
6829,sonathaya,1
6830,soladha,1
6831,raping,1
6832,weightloss,1
6833,mushy,1
6834,embarrassed,1
6835,stash,1
6836,priya,1
6837,kilo,1
6838,accidant,1
6839,ghodbandar,1
6840,je,1
6841,slovely,1
6842,sc,1
6843,specialise,1
6844,wad,1
6845,desparately,1
6846,stereo,1
6847,classmate,1
6848,trackmarque,1
6849,vipclub,1
6850,missionary,1
6851,entertaining,1
6852,hugh,1
6853,unspoken,1
6854,dub,1
6855,nte,1
6856,somewhat,1
6857,animal,1
6858,shiny,1
6859,warming,1
6860,french,1
6861,fooled,1
6862,responsible,1
6863,supplier,1
6864,guarantee,1
6865,lnly,1
6866,keen,1
6867,dammit,1
6868,wright,1
6869,laden,1
6870,mobsi,1
6871,wrecked,1
6872,spontaneously,1
6873,goodevening,1
6874,rgent,1
6875,daytime,1
6876,busty,1
6877,janinexx,1
6878,spageddies,1
6879,phasing,1
6880,fourth,1
6881,dimension,1
6882,meaningful,1
6883,duffer,1
6884,pharmacy,1
6885,meaningless,1
6886,rpl,1
6887,cutie,1
6888,honesty,1
6889,specialisation,1
6890,labor,1
6891,shakara,1
6892,beggar,1
6893,dent,1
6894,crickiting,1
6895,imin,1
6896,dontmatter,1
6897,urgoin,1
6898,outl,1
6899,reallyneed,1
6900,docd,1
6901,dontplease,1
6902,dontignore,1
6903,mycalls,1
6904,thecd,1
6905,isv,1
6906,tome,1
6907,yavnt,1
6908,popping,1
6909,ibuprofen,1
6910,grown,1
6911,chinatown,1
6912,porridge,1
6913,claypot,1
6914,stapati,1
6915,submitted,1
6916,document,1
6917,reset,1
6918,spotty,1
6919,province,1
6920,sterling,1
6921,hall,1
6922,hesitation,1
6923,intha,1
6924,ponnungale,1
6925,ipaditan,1
6926,rejected,1
6927,noisy,1
6928,needa,1
6929,manual,1
6930,troubleshooting,1
6931,occupied,1
6932,marsms,1
6933,utele,1
6934,strongly,1
6935,creativity,1
6936,stifled,1
6937,requirement,1
6938,getha,1
6939,buffy,1
6940,qlynnbv,1
6941,nosh,1
6942,waaaat,1
6943,lololo,1
6944,yam,1
6945,fishhead,1
6946,beehoon,1
6947,puzzeles,1
6948,como,1
6949,listened,1
6950,plaid,1
6951,hilarious,1
6952,braindance,1
6953,ofstuff,1
6954,aphex,1
6955,abel,1
6956,nelson,1
6957,unmits,1
6958,newspaper,1
6959,yummmm,1
6960,goten,1
6961,accordin,1
6962,scammer,1
6963,passion,1
6964,dena,1
6965,shifad,1
6966,raised,1
6967,reminds,1
6968,tolerat,1
6969,bcs,1
6970,splashmobile,1
6971,subscrition,1
6972,dust,1
6973,watchin,1
6974,knocking,1
6975,smidgin,1
6976,jaklin,1
6977,ruthful,1
6978,nearby,1
6979,bundle,1
6980,avble,1
6981,mf,1
6982,ooh,1
6983,moseley,1
6984,thankyou,1
6985,aluable,1
6986,ffectionate,1
6987,oveable,1
6988,ternal,1
6989,oble,1
6990,ntimate,1
6991,keris,1
6992,atural,1
6993,namous,1
6994,textin,1
6995,amigo,1
6996,progress,1
6997,arty,1
6998,collage,1
6999,tryin,1
7000,waliking,1
7001,carton,1
7002,mirror,1
7003,jod,1
7004,platt,1
7005,nickey,1
7006,nobbing,1
7007,practising,1
7008,infra,1
7009,gep,1
7010,fifa,1
7011,shhhhh,1
7012,related,1
7013,arul,1
7014,amk,1
7015,antha,1
7016,corrct,1
7017,dane,1
7018,basket,1
7019,rupaul,1
7020,curtsey,1
7021,feathery,1
7022,havbeen,1
7023,rise,1
7024,havebeen,1
7025,preschoolco,1
7026,ordinator,1
7027,feelingood,1
7028,converted,1
7029,african,1
7030,soil,1
7031,outreach,1
7032,lb,1
7033,brilliantly,1
7034,bowa,1
7035,tescos,1
7036,bend,1
7037,priority,1
7038,cnl,1
7039,fffff,1
7040,lifebook,1
7041,zhong,1
7042,qing,1
7043,act,1
7044,hypertension,1
7045,annoyin,1
7046,vpod,1
7047,nigro,1
7048,scratching,1
7049,anyplaces,1
7050,ecstasy,1
7051,payback,1
7052,minded,1
7053,minapn,1
7054,hittng,1
7055,reflex,1
7056,adewale,1
7057,egbon,1
7058,mary,1
7059,deduct,1
7060,wrks,1
7061,asshole,1
7062,grab,1
7063,sliding,1
7064,forwarding,1
7065,thia,1
7066,washob,1
7067,soooo,1
7068,wondarfull,1
7069,txtx,1
7070,onbus,1
7071,donyt,1
7072,latelyxxx,1
7073,justthought,1
7074,sayhey,1
7075,endof,1
7076,offdam,1
7077,nevamind,1
7078,uwant,1
7079,stressed,1
7080,provider,1
7081,drugdealer,1
7082,tming,1
7083,cutest,1
7084,dice,1
7085,howda,1
7086,mathe,1
7087,samachara,1
7088,audrie,1
7089,autocorrect,1
7090,simulate,1
7091,readiness,1
7092,lara,1
7093,attach,1
7094,wither,1
7095,eldest,1
7096,inlude,1
7097,pei,1
7098,preview,1
7099,ambrith,1
7100,madurai,1
7101,dha,1
7102,marrge,1
7103,kitty,1
7104,shaved,1
7105,tactful,1
7106,pert,1
7107,crammed,1
7108,satsgettin,1
7109,apologize,1
7110,subtoitles,1
7111,arranging,1
7112,jot,1
7113,cereal,1
7114,gari,1
7115,cast,1
7116,thkin,1
7117,resubbing,1
7118,shadow,1
7119,breadstick,1
7120,saeed,1
7121,purple,1
7122,yelow,1
7123,brown,1
7124,bitching,1
